date,channel,sku,actual_demand,baseline_lag7,is_promo,is_holiday,avg_temp_c,rainfall_mm,forecast_demand,abs_error
2025-12-02,loja_fisica,SKU_01,193.0,196.0,0,0,18.56,19.08,180.82,12.18
2025-12-03,loja_fisica,SKU_01,209.0,201.0,0,0,18.55,10.94,194.22,14.78
2025-12-04,loja_fisica,SKU_01,181.0,188.0,0,0,19.28,13.66,176.22,4.78
2025-12-05,loja_fisica,SKU_01,156.0,147.0,0,0,19.28,12.25,147.67,8.33
2025-12-06,loja_fisica,SKU_01,127.0,134.0,0,0,21.77,11.58,129.84,2.84
2025-12-07,loja_fisica,SKU_01,141.0,135.0,0,0,19.09,11.3,133.32,7.68
2025-12-08,loja_fisica,SKU_01,165.0,161.0,0,0,22.9,9.26,162.43,2.57
2025-12-09,loja_fisica,SKU_01,204.0,193.0,0,0,21.13,10.96,185.33,18.67
2025-12-10,loja_fisica,SKU_01,212.0,209.0,0,0,20.12,10.13,196.06,15.94
2025-12-11,loja_fisica,SKU_01,190.0,181.0,0,0,21.23,9.55,179.35,10.65
2025-12-12,loja_fisica,SKU_01,149.0,156.0,0,0,25.69,9.25,152.28,3.28
2025-12-13,loja_fisica,SKU_01,132.0,127.0,0,0,23.09,10.41,131.79,0.21
2025-12-14,loja_fisica,SKU_01,130.0,141.0,0,0,20.16,14.72,133.76,3.76
2025-12-15,loja_fisica,SKU_01,169.0,165.0,0,0,22.5,14.28,157.49,11.51
2025-12-16,loja_fisica,SKU_01,199.0,204.0,0,0,23.4,10.23,188.69,10.31
2025-12-17,loja_fisica,SKU_01,208.0,212.0,0,0,21.28,10.72,199.31,8.69
2025-12-18,loja_fisica,SKU_01,180.0,190.0,0,0,20.44,13.26,178.55,1.45
2025-12-19,loja_fisica,SKU_01,148.0,149.0,0,0,22.17,8.59,152.2,4.2
2025-12-20,loja_fisica,SKU_01,124.0,132.0,0,0,22.47,11.49,129.33,5.33
2025-12-21,loja_fisica,SKU_01,158.0,130.0,1,0,23.79,11.27,178.24,20.24
2025-12-22,loja_fisica,SKU_01,176.0,169.0,0,0,24.14,11.27,164.25,11.75
2025-12-23,loja_fisica,SKU_01,200.0,199.0,0,0,20.5,12.09,189.62,10.38
2025-12-24,loja_fisica,SKU_01,205.0,208.0,0,0,22.09,12.9,195.58,9.42
2025-12-25,loja_fisica,SKU_01,213.0,180.0,0,1,23.31,14.17,197.69,15.31
2025-12-26,loja_fisica,SKU_01,146.0,148.0,0,0,26.28,13.84,150.81,4.81
2025-12-27,loja_fisica,SKU_01,137.0,124.0,0,0,21.63,10.24,129.99,7.01
2025-12-28,loja_fisica,SKU_01,134.0,158.0,0,0,24.86,16.16,135.66,1.66
2025-12-29,loja_fisica,SKU_01,162.0,176.0,0,0,19.66,14.19,164.61,2.61
2025-12-30,loja_fisica,SKU_01,194.0,200.0,0,0,26.6,12.67,190.61,3.39
2025-12-31,loja_fisica,SKU_01,207.0,205.0,0,0,24.16,14.76,197.87,9.13
2025-12-02,loja_fisica,SKU_02,116.0,147.0,0,0,19.72,8.33,122.7,6.7
2025-12-03,loja_fisica,SKU_02,120.0,131.0,0,0,20.22,11.7,120.33,0.33
2025-12-04,loja_fisica,SKU_02,115.0,111.0,0,0,19.77,11.57,106.27,8.73
2025-12-05,loja_fisica,SKU_02,80.0,103.0,0,0,19.41,13.49,86.83,6.83
2025-12-06,loja_fisica,SKU_02,68.0,75.0,0,0,21.52,13.46,68.63,0.63
2025-12-07,loja_fisica,SKU_02,85.0,76.0,0,0,19.42,10.41,74.15,10.85
2025-12-08,loja_fisica,SKU_02,99.0,96.0,0,0,19.13,10.77,95.21,3.79
2025-12-09,loja_fisica,SKU_02,118.0,116.0,0,0,23.65,7.38,122.57,4.57
2025-12-10,loja_fisica,SKU_02,127.0,120.0,0,0,20.56,11.79,124.15,2.85
2025-12-11,loja_fisica,SKU_02,108.0,115.0,0,0,20.88,14.41,106.05,1.95
2025-12-12,loja_fisica,SKU_02,92.0,80.0,0,0,22.23,15.15,83.66,8.34
2025-12-13,loja_fisica,SKU_02,77.0,68.0,0,0,18.36,14.84,68.41,8.59
2025-12-14,loja_fisica,SKU_02,83.0,85.0,0,0,22.04,11.53,75.14,7.86
2025-12-15,loja_fisica,SKU_02,104.0,99.0,0,0,22.0,9.74,96.41,7.59
2025-12-16,loja_fisica,SKU_02,119.0,118.0,0,0,19.08,7.16,118.89,0.11
2025-12-17,loja_fisica,SKU_02,130.0,127.0,0,0,22.57,12.45,120.61,9.39
2025-12-18,loja_fisica,SKU_02,122.0,108.0,0,0,22.83,9.34,109.65,12.35
2025-12-19,loja_fisica,SKU_02,77.0,92.0,0,0,21.61,13.6,84.91,7.91
2025-12-20,loja_fisica,SKU_02,78.0,77.0,0,0,20.47,15.01,67.75,10.25
2025-12-21,loja_fisica,SKU_02,78.0,83.0,0,0,24.44,10.75,76.56,1.44
2025-12-22,loja_fisica,SKU_02,89.0,104.0,0,0,19.76,11.75,94.99,5.99
2025-12-23,loja_fisica,SKU_02,150.0,119.0,1,0,22.73,10.82,162.05,12.05
2025-12-24,loja_fisica,SKU_02,132.0,130.0,0,0,22.52,9.37,125.85,6.15
2025-12-25,loja_fisica,SKU_02,124.0,122.0,0,1,24.1,14.35,126.19,2.19
2025-12-26,loja_fisica,SKU_02,86.0,77.0,0,0,24.14,16.02,83.33,2.67
2025-12-27,loja_fisica,SKU_02,73.0,78.0,0,0,25.47,11.63,68.16,4.84
2025-12-28,loja_fisica,SKU_02,80.0,78.0,0,0,23.72,11.92,71.52,8.48
2025-12-29,loja_fisica,SKU_02,102.0,89.0,0,0,22.26,10.99,96.5,5.5
2025-12-30,loja_fisica,SKU_02,113.0,150.0,0,0,23.47,14.23,121.66,8.66
2025-12-31,loja_fisica,SKU_02,123.0,132.0,0,0,21.43,12.0,124.64,1.64
2025-12-02,loja_fisica,SKU_03,126.0,128.0,0,0,21.57,16.38,122.59,3.41
2025-12-03,loja_fisica,SKU_03,123.0,122.0,0,0,20.68,9.87,130.29,7.29
2025-12-04,loja_fisica,SKU_03,116.0,118.0,0,0,24.08,13.03,116.65,0.65
2025-12-05,loja_fisica,SKU_03,99.0,104.0,0,0,21.03,9.78,100.92,1.92
2025-12-06,loja_fisica,SKU_03,93.0,91.0,0,0,21.13,9.13,85.71,7.29
2025-12-07,loja_fisica,SKU_03,94.0,97.0,0,0,19.33,7.58,91.36,2.64
2025-12-08,loja_fisica,SKU_03,112.0,109.0,0,0,19.02,8.54,114.54,2.54
2025-12-09,loja_fisica,SKU_03,158.0,126.0,1,0,21.27,9.82,176.74,18.74
2025-12-10,loja_fisica,SKU_03,127.0,123.0,0,0,21.52,10.22,131.17,4.17
2025-12-11,loja_fisica,SKU_03,113.0,116.0,0,0,18.64,9.74,116.04,3.04
2025-12-12,loja_fisica,SKU_03,104.0,99.0,0,0,20.47,11.78,95.64,8.36
2025-12-13,loja_fisica,SKU_03,98.0,93.0,0,0,19.4,11.6,90.11,7.89
2025-12-14,loja_fisica,SKU_03,94.0,94.0,0,0,22.62,10.31,92.44,1.56
2025-12-15,loja_fisica,SKU_03,105.0,112.0,0,0,19.59,13.25,106.39,1.39
2025-12-16,loja_fisica,SKU_03,128.0,158.0,0,0,22.26,8.66,131.01,3.01
2025-12-17,loja_fisica,SKU_03,124.0,127.0,0,0,20.63,11.27,129.13,5.13
2025-12-18,loja_fisica,SKU_03,118.0,113.0,0,0,23.66,14.87,113.81,4.19
2025-12-19,loja_fisica,SKU_03,97.0,104.0,0,0,21.55,12.49,98.12,1.12
2025-12-20,loja_fisica,SKU_03,98.0,98.0,0,0,25.67,16.98,81.36,16.64
2025-12-21,loja_fisica,SKU_03,94.0,94.0,0,0,20.76,6.49,90.36,3.64
2025-12-22,loja_fisica,SKU_03,117.0,105.0,0,0,22.43,10.04,108.1,8.9
2025-12-23,loja_fisica,SKU_03,113.0,128.0,0,0,18.49,9.48,132.79,19.79
2025-12-24,loja_fisica,SKU_03,122.0,124.0,0,0,23.37,9.41,126.71,4.71
2025-12-25,loja_fisica,SKU_03,171.0,118.0,1,1,20.52,11.44,178.73,7.73
2025-12-26,loja_fisica,SKU_03,101.0,97.0,0,0,22.41,13.57,100.6,0.4
2025-12-27,loja_fisica,SKU_03,90.0,98.0,0,0,22.05,12.2,84.16,5.84
2025-12-28,loja_fisica,SKU_03,119.0,94.0,1,0,24.85,12.26,130.09,11.09
2025-12-29,loja_fisica,SKU_03,112.0,117.0,0,0,20.76,9.2,114.55,2.55
2025-12-30,loja_fisica,SKU_03,129.0,113.0,0,0,21.76,9.9,127.7,1.3
2025-12-31,loja_fisica,SKU_03,124.0,122.0,0,0,22.11,12.3,128.99,4.99
2025-12-02,loja_fisica,SKU_04,154.0,149.0,0,0,20.49,9.48,146.95,7.05
2025-12-03,loja_fisica,SKU_04,154.0,151.0,0,0,18.57,11.01,151.73,2.27
2025-12-04,loja_fisica,SKU_04,141.0,146.0,0,0,20.1,9.92,140.52,0.48
2025-12-05,loja_fisica,SKU_04,119.0,107.0,0,0,19.24,10.38,118.76,0.24
2025-12-06,loja_fisica,SKU_04,101.0,98.0,0,0,18.45,7.04,101.12,0.12
2025-12-07,loja_fisica,SKU_04,115.0,135.0,1,0,20.88,12.86,152.89,37.89
2025-12-08,loja_fisica,SKU_04,126.0,127.0,0,0,23.1,9.87,124.93,1.07
2025-12-09,loja_fisica,SKU_04,148.0,154.0,0,0,16.87,12.87,146.38,1.62
2025-12-10,loja_fisica,SKU_04,149.0,154.0,0,0,21.87,12.35,150.94,1.94
2025-12-11,loja_fisica,SKU_04,146.0,141.0,0,0,21.32,13.93,136.76,9.24
2025-12-12,loja_fisica,SKU_04,119.0,119.0,0,0,22.12,16.22,111.14,7.86
2025-12-13,loja_fisica,SKU_04,123.0,101.0,1,0,22.44,10.37,144.28,21.28
2025-12-14,loja_fisica,SKU_04,109.0,115.0,0,0,22.82,13.49,110.58,1.58
2025-12-15,loja_fisica,SKU_04,127.0,126.0,0,0,22.16,10.56,126.64,0.36
2025-12-16,loja_fisica,SKU_04,150.0,148.0,0,0,20.81,11.01,148.26,1.74
2025-12-17,loja_fisica,SKU_04,152.0,149.0,0,0,20.64,12.16,152.16,0.16
2025-12-18,loja_fisica,SKU_04,149.0,146.0,0,0,23.12,7.27,142.71,6.29
2025-12-19,loja_fisica,SKU_04,115.0,119.0,0,0,20.25,10.11,119.06,4.06
2025-12-20,loja_fisica,SKU_04,103.0,123.0,0,0,19.08,15.78,101.14,1.86
2025-12-21,loja_fisica,SKU_04,106.0,109.0,0,0,25.07,6.74,110.94,4.94
2025-12-22,loja_fisica,SKU_04,129.0,127.0,0,0,22.38,11.34,123.33,5.67
2025-12-23,loja_fisica,SKU_04,151.0,150.0,0,0,21.29,14.49,144.02,6.98
2025-12-24,loja_fisica,SKU_04,161.0,152.0,0,0,21.65,10.58,149.71,11.29
2025-12-25,loja_fisica,SKU_04,163.0,149.0,0,1,21.66,16.36,157.84,5.16
2025-12-26,loja_fisica,SKU_04,123.0,115.0,0,0,23.66,16.62,112.3,10.7
2025-12-27,loja_fisica,SKU_04,97.0,103.0,0,0,23.87,11.52,101.23,4.23
2025-12-28,loja_fisica,SKU_04,109.0,106.0,0,0,23.84,9.19,107.35,1.65
2025-12-29,loja_fisica,SKU_04,133.0,129.0,0,0,22.65,13.99,126.71,6.29
2025-12-30,loja_fisica,SKU_04,154.0,151.0,0,0,20.8,14.17,149.29,4.71
2025-12-31,loja_fisica,SKU_04,161.0,161.0,0,0,26.52,9.6,156.38,4.62
2025-12-02,loja_fisica,SKU_05,103.0,111.0,0,0,20.12,12.37,109.0,6.0
2025-12-03,loja_fisica,SKU_05,108.0,107.0,0,0,23.11,12.66,109.54,1.54
2025-12-04,loja_fisica,SKU_05,100.0,96.0,0,0,20.38,14.76,95.44,4.56
2025-12-05,loja_fisica,SKU_05,93.0,98.0,0,0,18.62,13.15,84.98,8.02
2025-12-06,loja_fisica,SKU_05,79.0,66.0,0,0,19.75,12.93,72.69,6.31
2025-12-07,loja_fisica,SKU_05,91.0,106.0,0,0,18.49,7.82,84.59,6.41
2025-12-08,loja_fisica,SKU_05,96.0,99.0,0,0,16.81,8.32,97.02,1.02
2025-12-09,loja_fisica,SKU_05,110.0,103.0,0,0,21.19,11.16,109.62,0.38
2025-12-10,loja_fisica,SKU_05,102.0,108.0,0,0,21.04,12.88,110.8,8.8
2025-12-11,loja_fisica,SKU_05,104.0,100.0,0,0,22.38,11.19,99.09,4.91
2025-12-12,loja_fisica,SKU_05,95.0,93.0,0,0,21.46,13.52,84.71,10.29
2025-12-13,loja_fisica,SKU_05,87.0,79.0,0,0,22.3,9.26,77.79,9.21
2025-12-14,loja_fisica,SKU_05,103.0,91.0,1,0,20.67,11.04,124.71,21.71
2025-12-15,loja_fisica,SKU_05,97.0,96.0,0,0,23.21,10.14,97.51,0.51
2025-12-16,loja_fisica,SKU_05,105.0,110.0,0,0,20.61,14.65,107.73,2.73
2025-12-17,loja_fisica,SKU_05,107.0,102.0,0,0,21.69,13.89,108.7,1.7
2025-12-18,loja_fisica,SKU_05,102.0,104.0,0,0,24.08,9.7,100.67,1.33
2025-12-19,loja_fisica,SKU_05,87.0,95.0,0,0,22.16,10.2,87.8,0.8
2025-12-20,loja_fisica,SKU_05,84.0,87.0,0,0,20.37,12.03,73.36,10.64
2025-12-21,loja_fisica,SKU_05,86.0,103.0,0,0,20.31,10.92,81.34,4.66
2025-12-22,loja_fisica,SKU_05,93.0,97.0,0,0,19.76,10.2,95.02,2.02
2025-12-23,loja_fisica,SKU_05,112.0,105.0,0,0,19.8,10.12,110.54,1.46
2025-12-24,loja_fisica,SKU_05,104.0,107.0,0,0,23.97,13.21,109.54,5.54
2025-12-25,loja_fisica,SKU_05,109.0,102.0,0,1,20.01,13.67,118.5,9.5
2025-12-26,loja_fisica,SKU_05,91.0,87.0,0,0,22.78,15.56,84.36,6.64
2025-12-27,loja_fisica,SKU_05,106.0,84.0,1,0,20.89,15.43,112.53,6.53
2025-12-28,loja_fisica,SKU_05,91.0,86.0,0,0,23.72,10.28,86.31,4.69
2025-12-29,loja_fisica,SKU_05,94.0,93.0,0,0,22.81,13.7,97.7,3.7
2025-12-30,loja_fisica,SKU_05,95.0,112.0,0,0,22.85,12.94,112.39,17.39
2025-12-31,loja_fisica,SKU_05,103.0,104.0,0,0,26.14,11.07,113.75,10.75
2025-12-02,loja_fisica,SKU_06,130.0,130.0,0,0,18.69,9.87,135.05,5.05
2025-12-03,loja_fisica,SKU_06,143.0,135.0,0,0,18.58,12.83,130.97,12.03
2025-12-04,loja_fisica,SKU_06,181.0,119.0,1,0,20.64,12.76,173.04,7.96
2025-12-05,loja_fisica,SKU_06,102.0,99.0,0,0,15.98,10.64,104.95,2.95
2025-12-06,loja_fisica,SKU_06,98.0,88.0,0,0,20.04,11.55,83.96,14.04
2025-12-07,loja_fisica,SKU_06,88.0,87.0,0,0,19.73,12.55,93.4,5.4
2025-12-08,loja_fisica,SKU_06,113.0,165.0,0,0,18.74,7.47,118.94,5.94
2025-12-09,loja_fisica,SKU_06,125.0,130.0,0,0,20.53,13.35,127.49,2.49
2025-12-10,loja_fisica,SKU_06,202.0,143.0,1,0,19.79,10.4,178.26,23.74
2025-12-11,loja_fisica,SKU_06,125.0,181.0,0,0,20.0,13.67,134.66,9.66
2025-12-12,loja_fisica,SKU_06,93.0,102.0,0,0,21.87,10.99,99.33,6.33
2025-12-13,loja_fisica,SKU_06,89.0,98.0,0,0,18.12,8.75,88.32,0.68
2025-12-14,loja_fisica,SKU_06,87.0,88.0,0,0,18.48,11.98,85.79,1.21
2025-12-15,loja_fisica,SKU_06,111.0,113.0,0,0,22.2,14.37,115.72,4.72
2025-12-16,loja_fisica,SKU_06,132.0,125.0,0,0,19.18,14.17,126.71,5.29
2025-12-17,loja_fisica,SKU_06,137.0,202.0,0,0,18.61,11.27,146.25,9.25
2025-12-18,loja_fisica,SKU_06,120.0,125.0,0,0,24.86,12.96,132.5,12.5
2025-12-19,loja_fisica,SKU_06,104.0,93.0,0,0,19.03,14.93,100.12,3.88
2025-12-20,loja_fisica,SKU_06,98.0,89.0,0,0,23.24,10.49,90.23,7.77
2025-12-21,loja_fisica,SKU_06,98.0,87.0,0,0,20.97,11.82,97.29,0.71
2025-12-22,loja_fisica,SKU_06,110.0,111.0,0,0,19.36,13.75,110.88,0.88
2025-12-23,loja_fisica,SKU_06,130.0,132.0,0,0,19.92,8.55,131.82,1.82
2025-12-24,loja_fisica,SKU_06,139.0,137.0,0,0,23.13,13.6,144.69,5.69
2025-12-25,loja_fisica,SKU_06,214.0,120.0,1,1,21.36,10.28,186.54,27.46
2025-12-26,loja_fisica,SKU_06,102.0,104.0,0,0,21.75,16.0,104.81,2.81
2025-12-27,loja_fisica,SKU_06,80.0,98.0,0,0,19.66,12.04,84.96,4.96
2025-12-28,loja_fisica,SKU_06,91.0,98.0,0,0,22.99,12.78,85.38,5.62
2025-12-29,loja_fisica,SKU_06,111.0,110.0,0,0,22.42,12.81,119.13,8.13
2025-12-30,loja_fisica,SKU_06,133.0,130.0,0,0,23.1,13.31,130.5,2.5
2025-12-31,loja_fisica,SKU_06,206.0,139.0,1,0,23.1,11.12,182.36,23.64
2025-12-02,loja_fisica,SKU_07,122.0,129.0,0,0,20.4,9.6,125.45,3.45
2025-12-03,loja_fisica,SKU_07,130.0,127.0,0,0,21.78,13.79,124.97,5.03
2025-12-04,loja_fisica,SKU_07,109.0,124.0,0,0,18.4,8.99,116.11,7.11
2025-12-05,loja_fisica,SKU_07,102.0,90.0,0,0,18.26,12.18,89.24,12.76
2025-12-06,loja_fisica,SKU_07,109.0,87.0,1,0,18.44,9.7,126.79,17.79
2025-12-07,loja_fisica,SKU_07,94.0,94.0,0,0,22.21,7.56,92.24,1.76
2025-12-08,loja_fisica,SKU_07,105.0,109.0,0,0,21.52,11.93,105.66,0.66
2025-12-09,loja_fisica,SKU_07,116.0,122.0,0,0,21.46,15.78,120.83,4.83
2025-12-10,loja_fisica,SKU_07,129.0,130.0,0,0,22.65,11.8,127.03,1.97
2025-12-11,loja_fisica,SKU_07,123.0,109.0,0,0,19.02,7.89,122.86,0.14
2025-12-12,loja_fisica,SKU_07,102.0,102.0,0,0,21.7,10.34,94.68,7.32
2025-12-13,loja_fisica,SKU_07,81.0,109.0,0,0,22.24,11.14,83.93,2.93
2025-12-14,loja_fisica,SKU_07,126.0,94.0,1,0,23.48,11.88,126.84,0.84
2025-12-15,loja_fisica,SKU_07,111.0,105.0,0,0,23.63,12.47,107.27,3.73
2025-12-16,loja_fisica,SKU_07,174.0,116.0,1,0,18.27,13.14,165.35,8.65
2025-12-17,loja_fisica,SKU_07,131.0,129.0,0,0,22.23,16.69,128.75,2.25
2025-12-18,loja_fisica,SKU_07,122.0,123.0,0,0,20.8,10.1,113.17,8.83
2025-12-19,loja_fisica,SKU_07,99.0,102.0,0,0,21.4,13.56,94.28,4.72
2025-12-20,loja_fisica,SKU_07,76.0,81.0,0,0,23.36,9.0,81.96,5.96
2025-12-21,loja_fisica,SKU_07,90.0,126.0,0,0,22.49,11.39,88.22,1.78
2025-12-22,loja_fisica,SKU_07,110.0,111.0,0,0,22.79,11.57,103.27,6.73
2025-12-23,loja_fisica,SKU_07,138.0,174.0,0,0,22.3,6.73,132.57,5.43
2025-12-24,loja_fisica,SKU_07,141.0,131.0,0,0,19.17,10.08,129.92,11.08
2025-12-25,loja_fisica,SKU_07,190.0,122.0,1,1,22.38,12.91,181.55,8.45
2025-12-26,loja_fisica,SKU_07,103.0,99.0,0,0,21.75,13.16,99.64,3.36
2025-12-27,loja_fisica,SKU_07,78.0,76.0,0,0,24.08,11.5,76.93,1.07
2025-12-28,loja_fisica,SKU_07,82.0,90.0,0,0,21.65,15.64,86.0,4.0
2025-12-29,loja_fisica,SKU_07,153.0,110.0,1,0,21.94,11.41,151.27,1.73
2025-12-30,loja_fisica,SKU_07,127.0,138.0,0,0,23.83,11.28,140.34,13.34
2025-12-31,loja_fisica,SKU_07,143.0,141.0,0,0,24.81,10.43,133.99,9.01
2025-12-02,loja_fisica,SKU_08,117.0,166.0,0,0,18.48,12.27,124.69,7.69
2025-12-03,loja_fisica,SKU_08,110.0,114.0,0,0,18.03,15.63,116.91,6.91
2025-12-04,loja_fisica,SKU_08,109.0,109.0,0,0,21.53,12.59,108.2,0.8
2025-12-05,loja_fisica,SKU_08,102.0,99.0,0,0,20.53,13.95,93.04,8.96
2025-12-06,loja_fisica,SKU_08,97.0,88.0,0,0,19.28,12.89,81.79,15.21
2025-12-07,loja_fisica,SKU_08,91.0,92.0,0,0,19.93,7.85,94.47,3.47
2025-12-08,loja_fisica,SKU_08,100.0,102.0,0,0,20.69,10.66,101.69,1.69
2025-12-09,loja_fisica,SKU_08,113.0,117.0,0,0,18.26,6.94,129.44,16.44
2025-12-10,loja_fisica,SKU_08,166.0,110.0,1,0,19.2,11.34,163.39,2.61
2025-12-11,loja_fisica,SKU_08,96.0,109.0,0,0,18.12,13.18,112.25,16.25
2025-12-12,loja_fisica,SKU_08,93.0,102.0,0,0,21.68,13.26,91.04,1.96
2025-12-13,loja_fisica,SKU_08,94.0,97.0,0,0,21.12,8.85,84.35,9.65
2025-12-14,loja_fisica,SKU_08,96.0,91.0,0,0,23.74,10.4,85.51,10.49
2025-12-15,loja_fisica,SKU_08,108.0,100.0,0,0,19.79,9.89,101.15,6.85
2025-12-16,loja_fisica,SKU_08,125.0,113.0,0,0,22.67,10.7,118.04,6.96
2025-12-17,loja_fisica,SKU_08,167.0,166.0,1,0,22.21,13.23,170.53,3.53
2025-12-18,loja_fisica,SKU_08,100.0,96.0,0,0,21.7,11.08,112.11,12.11
2025-12-19,loja_fisica,SKU_08,101.0,93.0,0,0,20.04,7.46,95.15,5.85
2025-12-20,loja_fisica,SKU_08,94.0,94.0,0,0,20.49,13.07,83.21,10.79
2025-12-21,loja_fisica,SKU_08,96.0,96.0,0,0,20.92,5.13,95.75,0.25
2025-12-22,loja_fisica,SKU_08,155.0,108.0,1,0,20.75,8.49,146.74,8.26
2025-12-23,loja_fisica,SKU_08,110.0,125.0,0,0,20.93,10.98,131.49,21.49
2025-12-24,loja_fisica,SKU_08,109.0,167.0,0,0,24.69,13.72,132.56,23.56
2025-12-25,loja_fisica,SKU_08,117.0,100.0,0,1,23.22,8.98,125.95,8.95
2025-12-26,loja_fisica,SKU_08,103.0,101.0,0,0,24.19,15.12,91.67,11.33
2025-12-27,loja_fisica,SKU_08,94.0,94.0,0,0,20.04,11.39,82.41,11.59
2025-12-28,loja_fisica,SKU_08,94.0,96.0,0,0,22.23,13.26,85.65,8.35
2025-12-29,loja_fisica,SKU_08,148.0,155.0,1,0,22.27,9.78,160.45,12.45
2025-12-30,loja_fisica,SKU_08,154.0,110.0,1,0,24.4,12.05,171.85,17.85
2025-12-31,loja_fisica,SKU_08,114.0,109.0,0,0,25.48,10.75,134.62,20.62
2025-12-02,loja_fisica,SKU_09,223.0,221.0,1,0,20.16,13.01,198.93,24.07
2025-12-03,loja_fisica,SKU_09,152.0,157.0,0,0,19.15,12.16,156.63,4.63
2025-12-04,loja_fisica,SKU_09,135.0,136.0,0,0,21.17,11.55,134.36,0.64
2025-12-05,loja_fisica,SKU_09,116.0,113.0,0,0,17.53,14.93,108.6,7.4
2025-12-06,loja_fisica,SKU_09,96.0,94.0,0,0,20.48,10.62,101.7,5.7
2025-12-07,loja_fisica,SKU_09,106.0,104.0,0,0,19.58,10.77,98.78,7.22
2025-12-08,loja_fisica,SKU_09,206.0,123.0,1,0,21.71,10.68,164.56,41.44
2025-12-09,loja_fisica,SKU_09,155.0,223.0,0,0,21.47,13.99,174.59,19.59
2025-12-10,loja_fisica,SKU_09,160.0,152.0,0,0,20.24,12.57,151.38,8.62
2025-12-11,loja_fisica,SKU_09,140.0,135.0,0,0,19.52,13.72,134.74,5.26
2025-12-12,loja_fisica,SKU_09,111.0,116.0,0,0,20.11,9.45,114.44,3.44
2025-12-13,loja_fisica,SKU_09,95.0,96.0,0,0,21.18,9.3,97.01,2.01
2025-12-14,loja_fisica,SKU_09,108.0,106.0,0,0,19.29,9.91,103.43,4.57
2025-12-15,loja_fisica,SKU_09,127.0,206.0,0,0,18.22,10.35,139.9,12.9
2025-12-16,loja_fisica,SKU_09,155.0,155.0,0,0,22.92,9.19,162.74,7.74
2025-12-17,loja_fisica,SKU_09,155.0,160.0,0,0,20.58,9.56,156.25,1.25
2025-12-18,loja_fisica,SKU_09,143.0,140.0,0,0,21.32,13.38,138.3,4.7
2025-12-19,loja_fisica,SKU_09,123.0,111.0,0,0,21.24,12.83,114.89,8.11
2025-12-20,loja_fisica,SKU_09,104.0,95.0,0,0,21.63,14.7,97.82,6.18
2025-12-21,loja_fisica,SKU_09,110.0,108.0,0,0,23.92,7.82,108.77,1.23
2025-12-22,loja_fisica,SKU_09,125.0,127.0,0,0,20.03,14.6,137.18,12.18
2025-12-23,loja_fisica,SKU_09,155.0,155.0,0,0,20.78,8.47,162.42,7.42
2025-12-24,loja_fisica,SKU_09,151.0,155.0,0,0,21.52,14.37,153.03,2.03
2025-12-25,loja_fisica,SKU_09,150.0,143.0,0,1,25.88,12.46,157.71,7.71
2025-12-26,loja_fisica,SKU_09,175.0,123.0,1,0,24.49,15.72,158.51,16.49
2025-12-27,loja_fisica,SKU_09,153.0,104.0,1,0,19.78,9.48,148.92,4.08
2025-12-28,loja_fisica,SKU_09,104.0,110.0,0,0,21.62,12.6,110.76,6.76
2025-12-29,loja_fisica,SKU_09,121.0,125.0,0,0,23.68,14.16,128.54,7.54
2025-12-30,loja_fisica,SKU_09,146.0,155.0,0,0,22.22,14.7,162.65,16.65
2025-12-31,loja_fisica,SKU_09,159.0,151.0,0,0,27.44,10.67,155.75,3.25
2025-12-02,loja_fisica,SKU_10,200.0,200.0,0,0,17.37,12.11,192.19,7.81
2025-12-03,loja_fisica,SKU_10,298.0,213.0,1,0,19.95,12.99,245.17,52.83
2025-12-04,loja_fisica,SKU_10,264.0,184.0,1,0,19.37,9.39,236.26,27.74
2025-12-05,loja_fisica,SKU_10,148.0,162.0,0,0,21.94,5.84,164.61,16.61
2025-12-06,loja_fisica,SKU_10,129.0,113.0,0,0,18.16,14.53,142.35,13.35
2025-12-07,loja_fisica,SKU_10,128.0,131.0,0,0,21.84,12.47,134.13,6.13
2025-12-08,loja_fisica,SKU_10,170.0,162.0,0,0,20.41,12.52,171.37,1.37
2025-12-09,loja_fisica,SKU_10,204.0,200.0,0,0,20.01,8.97,203.53,0.47
2025-12-10,loja_fisica,SKU_10,202.0,298.0,0,0,20.26,13.0,212.54,10.54
2025-12-11,loja_fisica,SKU_10,185.0,264.0,0,0,18.48,11.57,193.8,8.8
2025-12-12,loja_fisica,SKU_10,153.0,148.0,0,0,19.43,8.15,159.0,6.0
2025-12-13,loja_fisica,SKU_10,126.0,129.0,0,0,23.29,11.05,135.48,9.48
2025-12-14,loja_fisica,SKU_10,137.0,128.0,0,0,20.27,13.62,143.12,6.12
2025-12-15,loja_fisica,SKU_10,170.0,170.0,0,0,21.7,12.48,164.3,5.7
2025-12-16,loja_fisica,SKU_10,201.0,204.0,0,0,20.7,11.78,193.96,7.04
2025-12-17,loja_fisica,SKU_10,300.0,202.0,1,0,21.8,9.5,257.99,42.01
2025-12-18,loja_fisica,SKU_10,192.0,185.0,0,0,21.46,14.99,200.04,8.04
2025-12-19,loja_fisica,SKU_10,144.0,153.0,0,0,22.15,13.2,151.56,7.56
2025-12-20,loja_fisica,SKU_10,125.0,126.0,0,0,21.34,9.61,138.01,13.01
2025-12-21,loja_fisica,SKU_10,192.0,137.0,1,0,23.4,13.78,175.72,16.28
2025-12-22,loja_fisica,SKU_10,167.0,170.0,0,0,22.82,11.85,168.26,1.26
2025-12-23,loja_fisica,SKU_10,208.0,201.0,0,0,23.35,11.74,191.04,16.96
2025-12-24,loja_fisica,SKU_10,208.0,300.0,0,0,23.39,12.13,214.13,6.13
2025-12-25,loja_fisica,SKU_10,216.0,192.0,0,1,20.86,12.02,204.62,11.38
2025-12-26,loja_fisica,SKU_10,213.0,144.0,1,0,22.55,14.6,201.52,11.48
2025-12-27,loja_fisica,SKU_10,182.0,125.0,1,0,23.65,12.44,181.35,0.65
2025-12-28,loja_fisica,SKU_10,130.0,192.0,0,0,21.33,15.92,154.81,24.81
2025-12-29,loja_fisica,SKU_10,165.0,167.0,0,0,23.83,11.62,171.44,6.44
2025-12-30,loja_fisica,SKU_10,200.0,208.0,0,0,21.84,11.49,201.33,1.33
2025-12-31,loja_fisica,SKU_10,216.0,208.0,0,0,20.32,11.14,234.69,18.69
2025-12-02,loja_fisica,SKU_11,60.0,86.0,0,0,21.57,11.98,73.22,13.22
2025-12-03,loja_fisica,SKU_11,69.0,69.0,0,0,18.8,7.28,74.19,5.19
2025-12-04,loja_fisica,SKU_11,66.0,63.0,0,0,19.88,10.28,62.67,3.33
2025-12-05,loja_fisica,SKU_11,63.0,62.0,0,0,20.34,11.84,51.41,11.59
2025-12-06,loja_fisica,SKU_11,59.0,56.0,0,0,20.48,12.76,41.57,17.43
2025-12-07,loja_fisica,SKU_11,57.0,48.0,0,0,21.3,11.6,41.7,15.3
2025-12-08,loja_fisica,SKU_11,57.0,65.0,0,0,18.49,11.67,58.91,1.91
2025-12-09,loja_fisica,SKU_11,69.0,60.0,0,0,20.42,9.37,73.05,4.05
2025-12-10,loja_fisica,SKU_11,67.0,69.0,0,0,23.3,14.4,72.5,5.5
2025-12-11,loja_fisica,SKU_11,63.0,66.0,0,0,23.29,12.15,62.73,0.27
2025-12-12,loja_fisica,SKU_11,47.0,63.0,0,0,18.2,10.03,52.93,5.93
2025-12-13,loja_fisica,SKU_11,57.0,59.0,0,0,20.24,12.09,41.02,15.98
2025-12-14,loja_fisica,SKU_11,50.0,57.0,0,0,22.1,8.43,44.65,5.35
2025-12-15,loja_fisica,SKU_11,66.0,57.0,0,0,24.24,12.27,59.11,6.89
2025-12-16,loja_fisica,SKU_11,65.0,69.0,0,0,21.1,14.8,69.71,4.71
2025-12-17,loja_fisica,SKU_11,65.0,67.0,0,0,22.11,12.34,72.66,7.66
2025-12-18,loja_fisica,SKU_11,67.0,63.0,0,0,20.61,13.94,61.38,5.62
2025-12-19,loja_fisica,SKU_11,61.0,47.0,0,0,19.95,12.97,49.25,11.75
2025-12-20,loja_fisica,SKU_11,61.0,57.0,0,0,21.46,11.42,43.0,18.0
2025-12-21,loja_fisica,SKU_11,54.0,50.0,0,0,21.86,9.8,46.26,7.74
2025-12-22,loja_fisica,SKU_11,62.0,66.0,0,0,21.58,9.95,60.5,1.5
2025-12-23,loja_fisica,SKU_11,66.0,65.0,0,0,23.25,11.85,74.06,8.06
2025-12-24,loja_fisica,SKU_11,64.0,65.0,0,0,23.39,8.38,73.74,9.74
2025-12-25,loja_fisica,SKU_11,79.0,67.0,0,1,23.0,12.7,82.05,3.05
2025-12-26,loja_fisica,SKU_11,61.0,61.0,0,0,23.59,11.44,50.51,10.49
2025-12-27,loja_fisica,SKU_11,55.0,61.0,0,0,19.78,13.22,40.93,14.07
2025-12-28,loja_fisica,SKU_11,59.0,54.0,0,0,23.9,9.83,42.62,16.38
2025-12-29,loja_fisica,SKU_11,62.0,62.0,0,0,25.78,10.65,64.75,2.75
2025-12-30,loja_fisica,SKU_11,71.0,66.0,0,0,19.45,8.6,75.0,4.0
2025-12-31,loja_fisica,SKU_11,68.0,64.0,0,0,25.45,13.55,74.62,6.62
2025-12-02,loja_fisica,SKU_12,162.0,152.0,0,0,20.5,12.84,156.08,5.92
2025-12-03,loja_fisica,SKU_12,225.0,158.0,1,0,18.89,11.87,205.71,19.29
2025-12-04,loja_fisica,SKU_12,156.0,144.0,0,0,18.25,13.42,151.41,4.59
2025-12-05,loja_fisica,SKU_12,130.0,139.0,0,0,22.43,9.11,130.61,0.61
2025-12-06,loja_fisica,SKU_12,123.0,128.0,0,0,17.49,11.47,115.08,7.92
2025-12-07,loja_fisica,SKU_12,163.0,128.0,1,0,18.06,12.19,161.2,1.8
2025-12-08,loja_fisica,SKU_12,140.0,149.0,0,0,20.72,12.0,145.01,5.01
2025-12-09,loja_fisica,SKU_12,159.0,162.0,0,0,18.86,9.6,158.1,0.9
2025-12-10,loja_fisica,SKU_12,215.0,225.0,1,0,24.55,11.03,222.44,7.44
2025-12-11,loja_fisica,SKU_12,146.0,156.0,0,0,19.62,14.29,152.2,6.2
2025-12-12,loja_fisica,SKU_12,138.0,130.0,0,0,21.64,8.28,130.57,7.43
2025-12-13,loja_fisica,SKU_12,165.0,123.0,1,0,22.97,15.11,161.03,3.97
2025-12-14,loja_fisica,SKU_12,122.0,163.0,0,0,22.01,10.83,130.8,8.8
2025-12-15,loja_fisica,SKU_12,140.0,140.0,0,0,19.79,10.19,141.77,1.77
2025-12-16,loja_fisica,SKU_12,210.0,159.0,1,0,21.64,8.76,204.16,5.84
2025-12-17,loja_fisica,SKU_12,158.0,215.0,0,0,23.92,9.72,187.25,29.25
2025-12-18,loja_fisica,SKU_12,158.0,146.0,0,0,20.45,12.26,150.33,7.67
2025-12-19,loja_fisica,SKU_12,127.0,138.0,0,0,22.53,14.4,130.64,3.64
2025-12-20,loja_fisica,SKU_12,122.0,165.0,0,0,21.28,10.26,124.24,2.24
2025-12-21,loja_fisica,SKU_12,128.0,122.0,0,0,24.27,15.64,123.91,4.09
2025-12-22,loja_fisica,SKU_12,144.0,140.0,0,0,21.32,12.28,139.65,4.35
2025-12-23,loja_fisica,SKU_12,216.0,210.0,1,0,21.57,12.46,210.27,5.73
2025-12-24,loja_fisica,SKU_12,172.0,158.0,0,0,20.54,12.06,175.81,3.81
2025-12-25,loja_fisica,SKU_12,238.0,158.0,1,1,21.6,9.35,216.3,21.7
2025-12-26,loja_fisica,SKU_12,134.0,127.0,0,0,22.2,13.58,139.21,5.21
2025-12-27,loja_fisica,SKU_12,128.0,122.0,0,0,24.54,12.08,123.53,4.47
2025-12-28,loja_fisica,SKU_12,129.0,128.0,0,0,24.41,8.44,123.49,5.51
2025-12-29,loja_fisica,SKU_12,137.0,144.0,0,0,24.61,13.59,144.93,7.93
2025-12-30,loja_fisica,SKU_12,154.0,216.0,0,0,23.24,13.26,179.46,25.46
2025-12-31,loja_fisica,SKU_12,168.0,172.0,0,0,26.38,11.99,177.06,9.06
2025-12-02,marketplace,SKU_01,164.0,159.0,0,0,21.33,13.38,151.66,12.34
2025-12-03,marketplace,SKU_01,157.0,161.0,0,0,19.87,14.69,155.31,1.69
2025-12-04,marketplace,SKU_01,141.0,148.0,0,0,22.82,11.58,142.06,1.06
2025-12-05,marketplace,SKU_01,166.0,122.0,1,0,18.55,8.81,163.95,2.05
2025-12-06,marketplace,SKU_01,142.0,96.0,1,0,19.55,10.11,150.71,8.71
2025-12-07,marketplace,SKU_01,111.0,116.0,0,0,21.8,12.2,112.58,1.58
2025-12-08,marketplace,SKU_01,133.0,139.0,0,0,21.88,12.77,130.19,2.81
2025-12-09,marketplace,SKU_01,159.0,164.0,0,0,21.06,9.62,155.95,3.05
2025-12-10,marketplace,SKU_01,156.0,157.0,0,0,19.79,17.47,153.82,2.18
2025-12-11,marketplace,SKU_01,139.0,141.0,0,0,20.76,13.71,141.11,2.11
2025-12-12,marketplace,SKU_01,124.0,166.0,0,0,23.08,11.31,128.4,4.4
2025-12-13,marketplace,SKU_01,112.0,142.0,0,0,19.01,14.31,109.88,2.12
2025-12-14,marketplace,SKU_01,119.0,111.0,0,0,23.1,10.73,109.4,9.6
2025-12-15,marketplace,SKU_01,137.0,133.0,0,0,21.47,9.96,135.18,1.82
2025-12-16,marketplace,SKU_01,151.0,159.0,0,0,19.77,16.01,154.51,3.51
2025-12-17,marketplace,SKU_01,158.0,156.0,0,0,20.27,13.75,156.51,1.49
2025-12-18,marketplace,SKU_01,147.0,139.0,0,0,23.3,13.56,142.47,4.53
2025-12-19,marketplace,SKU_01,118.0,124.0,0,0,19.51,11.36,130.53,12.53
2025-12-20,marketplace,SKU_01,112.0,112.0,0,0,18.68,11.01,111.59,0.41
2025-12-21,marketplace,SKU_01,114.0,119.0,0,0,20.69,17.61,108.79,5.21
2025-12-22,marketplace,SKU_01,133.0,137.0,0,0,20.94,14.59,129.9,3.1
2025-12-23,marketplace,SKU_01,157.0,151.0,0,0,23.74,11.58,153.25,3.75
2025-12-24,marketplace,SKU_01,158.0,158.0,0,0,17.4,16.7,154.17,3.83
2025-12-25,marketplace,SKU_01,225.0,147.0,1,1,24.7,9.84,207.56,17.44
2025-12-26,marketplace,SKU_01,118.0,118.0,0,0,22.01,10.52,127.74,9.74
2025-12-27,marketplace,SKU_01,109.0,112.0,0,0,21.25,12.99,101.32,7.68
2025-12-28,marketplace,SKU_01,118.0,114.0,0,0,21.71,13.38,108.55,9.45
2025-12-29,marketplace,SKU_01,138.0,133.0,0,0,23.65,10.34,136.23,1.77
2025-12-30,marketplace,SKU_01,154.0,157.0,0,0,18.43,12.06,156.14,2.14
2025-12-31,marketplace,SKU_01,168.0,158.0,0,0,19.7,10.54,159.15,8.85
2025-12-02,marketplace,SKU_02,333.0,317.0,0,0,20.11,5.14,313.54,19.46
2025-12-03,marketplace,SKU_02,331.0,328.0,0,0,18.43,12.32,313.83,17.17
2025-12-04,marketplace,SKU_02,308.0,305.0,0,0,20.06,8.37,307.12,0.88
2025-12-05,marketplace,SKU_02,255.0,254.0,0,0,19.16,10.55,259.58,4.58
2025-12-06,marketplace,SKU_02,218.0,227.0,0,0,20.89,7.99,235.88,17.88
2025-12-07,marketplace,SKU_02,299.0,232.0,1,0,19.68,15.75,288.63,10.37
2025-12-08,marketplace,SKU_02,264.0,362.0,0,0,18.77,14.92,293.28,29.28
2025-12-09,marketplace,SKU_02,424.0,333.0,1,0,19.16,12.17,352.49,71.51
2025-12-10,marketplace,SKU_02,334.0,331.0,0,0,18.47,11.99,327.39,6.61
2025-12-11,marketplace,SKU_02,296.0,308.0,0,0,19.62,11.77,298.36,2.36
2025-12-12,marketplace,SKU_02,252.0,255.0,0,0,24.43,19.33,256.9,4.9
2025-12-13,marketplace,SKU_02,217.0,218.0,0,0,22.45,13.4,239.43,22.43
2025-12-14,marketplace,SKU_02,231.0,299.0,0,0,20.09,10.8,261.78,30.78
2025-12-15,marketplace,SKU_02,286.0,264.0,0,0,22.88,15.17,281.58,4.42
2025-12-16,marketplace,SKU_02,320.0,424.0,0,0,18.6,9.19,328.63,8.63
2025-12-17,marketplace,SKU_02,335.0,334.0,0,0,23.36,10.76,321.27,13.73
2025-12-18,marketplace,SKU_02,309.0,296.0,0,0,19.0,7.92,314.97,5.97
2025-12-19,marketplace,SKU_02,243.0,252.0,0,0,20.86,12.56,264.33,21.33
2025-12-20,marketplace,SKU_02,216.0,217.0,0,0,23.07,13.91,232.82,16.82
2025-12-21,marketplace,SKU_02,317.0,231.0,1,0,22.89,7.29,306.06,10.94
2025-12-22,marketplace,SKU_02,285.0,286.0,0,0,20.65,11.66,284.27,0.73
2025-12-23,marketplace,SKU_02,317.0,320.0,0,0,21.57,13.82,323.57,6.57
2025-12-24,marketplace,SKU_02,335.0,335.0,0,0,21.61,9.71,320.31,14.69
2025-12-25,marketplace,SKU_02,341.0,309.0,0,1,19.65,13.29,318.93,22.07
2025-12-26,marketplace,SKU_02,245.0,243.0,0,0,25.26,9.96,266.02,21.02
2025-12-27,marketplace,SKU_02,229.0,216.0,0,0,21.64,7.51,236.24,7.24
2025-12-28,marketplace,SKU_02,238.0,317.0,0,0,22.82,9.92,257.68,19.68
2025-12-29,marketplace,SKU_02,276.0,285.0,0,0,21.26,13.1,294.24,18.24
2025-12-30,marketplace,SKU_02,331.0,317.0,0,0,25.82,10.73,313.41,17.59
2025-12-31,marketplace,SKU_02,345.0,335.0,0,0,23.78,7.15,326.23,18.77
2025-12-02,marketplace,SKU_03,219.0,211.0,0,0,18.96,10.6,221.11,2.11
2025-12-03,marketplace,SKU_03,229.0,215.0,0,0,18.83,11.54,217.65,11.35
2025-12-04,marketplace,SKU_03,208.0,197.0,0,0,21.26,11.22,215.27,7.27
2025-12-05,marketplace,SKU_03,170.0,180.0,0,0,19.01,11.41,176.98,6.98
2025-12-06,marketplace,SKU_03,157.0,156.0,0,0,21.06,16.95,154.04,2.96
2025-12-07,marketplace,SKU_03,168.0,170.0,0,0,17.97,8.46,177.15,9.15
2025-12-08,marketplace,SKU_03,189.0,279.0,0,0,21.3,11.27,203.23,14.23
2025-12-09,marketplace,SKU_03,219.0,219.0,0,0,17.12,13.42,227.28,8.28
2025-12-10,marketplace,SKU_03,228.0,229.0,0,0,18.75,12.79,216.07,11.93
2025-12-11,marketplace,SKU_03,204.0,208.0,0,0,21.4,10.84,203.45,0.55
2025-12-12,marketplace,SKU_03,261.0,170.0,1,0,20.72,8.17,221.86,39.14
2025-12-13,marketplace,SKU_03,158.0,157.0,0,0,22.67,10.56,182.78,24.78
2025-12-14,marketplace,SKU_03,242.0,168.0,1,0,22.01,11.95,207.61,34.39
2025-12-15,marketplace,SKU_03,192.0,189.0,0,0,20.78,10.54,210.35,18.35
2025-12-16,marketplace,SKU_03,221.0,219.0,0,0,21.77,11.94,212.95,8.05
2025-12-17,marketplace,SKU_03,225.0,228.0,0,0,18.83,8.92,222.47,2.53
2025-12-18,marketplace,SKU_03,292.0,204.0,1,0,21.22,14.0,245.93,46.07
2025-12-19,marketplace,SKU_03,170.0,261.0,0,0,18.31,14.23,199.21,29.21
2025-12-20,marketplace,SKU_03,153.0,158.0,0,0,22.7,14.36,156.86,3.86
2025-12-21,marketplace,SKU_03,160.0,242.0,0,0,17.89,13.05,177.81,17.81
2025-12-22,marketplace,SKU_03,192.0,192.0,0,0,19.07,12.41,187.86,4.14
2025-12-23,marketplace,SKU_03,219.0,221.0,0,0,23.65,10.44,213.93,5.07
2025-12-24,marketplace,SKU_03,221.0,225.0,0,0,23.49,10.79,219.75,1.25
2025-12-25,marketplace,SKU_03,327.0,292.0,1,1,23.43,17.44,277.59,49.41
2025-12-26,marketplace,SKU_03,174.0,170.0,0,0,21.27,12.63,203.28,29.28
2025-12-27,marketplace,SKU_03,158.0,153.0,0,0,24.42,10.99,159.1,1.1
2025-12-28,marketplace,SKU_03,251.0,160.0,1,0,20.99,12.25,220.33,30.67
2025-12-29,marketplace,SKU_03,279.0,192.0,1,0,23.5,12.61,260.13,18.87
2025-12-30,marketplace,SKU_03,212.0,219.0,0,0,22.41,10.84,228.75,16.75
2025-12-31,marketplace,SKU_03,227.0,221.0,0,0,19.85,10.34,224.85,2.15
2025-12-02,marketplace,SKU_04,241.0,228.0,0,0,19.77,11.02,253.48,12.48
2025-12-03,marketplace,SKU_04,247.0,234.0,0,0,19.8,8.1,241.23,5.77
2025-12-04,marketplace,SKU_04,227.0,213.0,0,0,21.04,9.17,243.02,16.02
2025-12-05,marketplace,SKU_04,194.0,190.0,0,0,20.09,12.21,200.76,6.76
2025-12-06,marketplace,SKU_04,255.0,168.0,1,0,21.45,12.83,221.92,33.08
2025-12-07,marketplace,SKU_04,185.0,260.0,0,0,19.83,7.6,210.31,25.31
2025-12-08,marketplace,SKU_04,199.0,204.0,0,0,18.75,15.48,207.56,8.56
2025-12-09,marketplace,SKU_04,229.0,241.0,0,0,19.1,12.77,236.05,7.05
2025-12-10,marketplace,SKU_04,250.0,247.0,0,0,21.4,12.12,242.86,7.14
2025-12-11,marketplace,SKU_04,217.0,227.0,0,0,21.88,12.84,226.53,9.53
2025-12-12,marketplace,SKU_04,197.0,194.0,0,0,23.28,9.66,200.65,3.65
2025-12-13,marketplace,SKU_04,173.0,255.0,0,0,18.27,11.2,212.84,39.84
2025-12-14,marketplace,SKU_04,272.0,185.0,1,0,19.43,9.74,241.56,30.44
2025-12-15,marketplace,SKU_04,208.0,199.0,0,0,17.98,14.99,216.46,8.46
2025-12-16,marketplace,SKU_04,237.0,229.0,0,0,20.99,12.41,253.68,16.68
2025-12-17,marketplace,SKU_04,243.0,250.0,0,0,19.09,14.74,240.48,2.52
2025-12-18,marketplace,SKU_04,214.0,217.0,0,0,19.13,13.4,240.38,26.38
2025-12-19,marketplace,SKU_04,188.0,197.0,0,0,23.33,13.85,196.57,8.57
2025-12-20,marketplace,SKU_04,169.0,173.0,0,0,21.34,12.43,187.68,18.68
2025-12-21,marketplace,SKU_04,184.0,272.0,0,0,18.89,11.64,196.84,12.84
2025-12-22,marketplace,SKU_04,202.0,208.0,0,0,21.14,14.47,203.58,1.58
2025-12-23,marketplace,SKU_04,236.0,237.0,0,0,24.06,10.14,230.58,5.42
2025-12-24,marketplace,SKU_04,239.0,243.0,0,0,20.6,12.55,238.42,0.58
2025-12-25,marketplace,SKU_04,255.0,214.0,0,1,21.85,10.53,239.24,15.76
2025-12-26,marketplace,SKU_04,194.0,188.0,0,0,23.35,10.86,199.61,5.61
2025-12-27,marketplace,SKU_04,170.0,169.0,0,0,21.31,12.63,175.04,5.04
2025-12-28,marketplace,SKU_04,173.0,184.0,0,0,20.93,11.38,207.91,34.91
2025-12-29,marketplace,SKU_04,203.0,202.0,0,0,21.23,10.07,208.41,5.41
2025-12-30,marketplace,SKU_04,357.0,236.0,1,0,20.8,13.34,277.9,79.1
2025-12-31,marketplace,SKU_04,382.0,239.0,1,0,24.14,7.82,296.85,85.15
2025-12-02,marketplace,SKU_05,285.0,281.0,0,0,19.44,9.1,275.88,9.12
2025-12-03,marketplace,SKU_05,299.0,289.0,0,0,20.5,8.84,302.05,3.05
2025-12-04,marketplace,SKU_05,267.0,250.0,0,0,20.13,8.71,279.13,12.13
2025-12-05,marketplace,SKU_05,228.0,212.0,0,0,20.59,10.28,242.34,14.34
2025-12-06,marketplace,SKU_05,266.0,188.0,1,0,22.38,14.79,255.03,10.97
2025-12-07,marketplace,SKU_05,197.0,202.0,0,0,17.12,12.15,230.15,33.15
2025-12-08,marketplace,SKU_05,247.0,246.0,0,0,18.74,11.16,243.22,3.78
2025-12-09,marketplace,SKU_05,288.0,285.0,0,0,21.72,7.05,278.44,9.56
2025-12-10,marketplace,SKU_05,282.0,299.0,0,0,19.44,12.37,285.04,3.04
2025-12-11,marketplace,SKU_05,270.0,267.0,0,0,20.03,9.74,261.82,8.18
2025-12-12,marketplace,SKU_05,220.0,228.0,0,0,20.33,8.84,233.61,13.61
2025-12-13,marketplace,SKU_05,197.0,266.0,0,0,19.89,7.52,223.07,26.07
2025-12-14,marketplace,SKU_05,289.0,197.0,1,0,21.84,9.96,267.17,21.83
2025-12-15,marketplace,SKU_05,244.0,247.0,0,0,16.95,12.74,254.89,10.89
2025-12-16,marketplace,SKU_05,287.0,288.0,0,0,23.11,9.52,277.19,9.81
2025-12-17,marketplace,SKU_05,294.0,282.0,0,0,21.27,8.81,301.71,7.71
2025-12-18,marketplace,SKU_05,257.0,270.0,0,0,21.01,15.7,260.37,3.37
2025-12-19,marketplace,SKU_05,220.0,220.0,0,0,22.03,11.3,230.08,10.08
2025-12-20,marketplace,SKU_05,260.0,197.0,1,0,21.11,14.33,266.95,6.95
2025-12-21,marketplace,SKU_05,195.0,289.0,0,0,22.26,12.28,242.07,47.07
2025-12-22,marketplace,SKU_05,247.0,244.0,0,0,22.47,12.62,238.5,8.5
2025-12-23,marketplace,SKU_05,285.0,287.0,0,0,22.19,11.6,273.46,11.54
2025-12-24,marketplace,SKU_05,289.0,294.0,0,0,19.44,12.47,278.93,10.07
2025-12-25,marketplace,SKU_05,300.0,257.0,0,1,25.33,11.27,278.49,21.51
2025-12-26,marketplace,SKU_05,220.0,220.0,0,0,23.86,15.0,228.18,8.18
2025-12-27,marketplace,SKU_05,269.0,260.0,1,0,22.06,9.73,259.37,9.63
2025-12-28,marketplace,SKU_05,204.0,195.0,0,0,22.14,9.42,230.76,26.76
2025-12-29,marketplace,SKU_05,241.0,247.0,0,0,22.2,9.7,248.38,7.38
2025-12-30,marketplace,SKU_05,286.0,285.0,0,0,19.96,12.31,278.24,7.76
2025-12-31,marketplace,SKU_05,286.0,289.0,0,0,25.76,14.82,285.63,0.37
2025-12-02,marketplace,SKU_06,122.0,127.0,0,0,19.71,11.36,123.7,1.7
2025-12-03,marketplace,SKU_06,164.0,122.0,1,0,20.84,11.45,170.03,6.03
2025-12-04,marketplace,SKU_06,153.0,114.0,1,0,17.89,11.01,162.28,9.28
2025-12-05,marketplace,SKU_06,104.0,98.0,0,0,19.91,9.77,100.25,3.75
2025-12-06,marketplace,SKU_06,92.0,85.0,0,0,21.14,9.91,87.11,4.89
2025-12-07,marketplace,SKU_06,102.0,95.0,0,0,19.16,10.56,86.79,15.21
2025-12-08,marketplace,SKU_06,104.0,105.0,0,0,19.23,7.72,107.89,3.89
2025-12-09,marketplace,SKU_06,127.0,122.0,0,0,22.78,11.37,122.69,4.31
2025-12-10,marketplace,SKU_06,132.0,164.0,0,0,20.01,12.43,131.3,0.7
2025-12-11,marketplace,SKU_06,107.0,153.0,0,0,24.3,11.52,122.17,15.17
2025-12-12,marketplace,SKU_06,112.0,104.0,0,0,20.26,13.06,96.89,15.11
2025-12-13,marketplace,SKU_06,98.0,92.0,0,0,23.5,10.9,88.63,9.37
2025-12-14,marketplace,SKU_06,98.0,102.0,0,0,21.38,12.72,91.59,6.41
2025-12-15,marketplace,SKU_06,111.0,104.0,0,0,19.6,11.77,108.55,2.45
2025-12-16,marketplace,SKU_06,112.0,127.0,0,0,21.16,16.97,122.38,10.38
2025-12-17,marketplace,SKU_06,119.0,132.0,0,0,19.72,11.78,134.12,15.12
2025-12-18,marketplace,SKU_06,112.0,107.0,0,0,24.85,13.03,120.1,8.1
2025-12-19,marketplace,SKU_06,98.0,112.0,0,0,21.05,10.75,100.96,2.96
2025-12-20,marketplace,SKU_06,97.0,98.0,0,0,20.24,13.76,86.44,10.56
2025-12-21,marketplace,SKU_06,98.0,98.0,0,0,21.64,11.32,92.65,5.35
2025-12-22,marketplace,SKU_06,114.0,111.0,0,0,21.52,6.63,110.02,3.98
2025-12-23,marketplace,SKU_06,118.0,112.0,0,0,19.43,11.53,125.3,7.3
2025-12-24,marketplace,SKU_06,122.0,119.0,0,0,23.29,15.06,125.1,3.1
2025-12-25,marketplace,SKU_06,145.0,112.0,0,1,20.55,7.07,135.92,9.08
2025-12-26,marketplace,SKU_06,101.0,98.0,0,0,22.08,11.58,101.26,0.26
2025-12-27,marketplace,SKU_06,95.0,97.0,0,0,20.42,17.61,81.93,13.07
2025-12-28,marketplace,SKU_06,93.0,98.0,0,0,26.67,12.43,89.83,3.17
2025-12-29,marketplace,SKU_06,107.0,114.0,0,0,26.19,13.75,110.65,3.65
2025-12-30,marketplace,SKU_06,122.0,118.0,0,0,22.33,12.87,124.95,2.95
2025-12-31,marketplace,SKU_06,132.0,122.0,0,0,21.43,9.18,136.73,4.73
2025-12-02,marketplace,SKU_07,233.0,176.0,1,0,23.95,13.62,233.17,0.17
2025-12-03,marketplace,SKU_07,185.0,185.0,0,0,16.87,10.16,189.08,4.08
2025-12-04,marketplace,SKU_07,166.0,177.0,0,0,21.23,13.77,166.15,0.15
2025-12-05,marketplace,SKU_07,136.0,141.0,0,0,17.34,12.47,142.71,6.71
2025-12-06,marketplace,SKU_07,168.0,131.0,1,0,19.4,9.18,176.17,8.17
2025-12-07,marketplace,SKU_07,127.0,132.0,0,0,19.0,10.11,142.57,15.57
2025-12-08,marketplace,SKU_07,163.0,161.0,0,0,18.26,12.05,154.02,8.98
2025-12-09,marketplace,SKU_07,184.0,233.0,0,0,20.76,12.83,185.63,1.63
2025-12-10,marketplace,SKU_07,188.0,185.0,0,0,18.42,10.04,186.1,1.9
2025-12-11,marketplace,SKU_07,170.0,166.0,0,0,18.36,8.11,173.11,3.11
2025-12-12,marketplace,SKU_07,144.0,136.0,0,0,21.31,7.1,147.13,3.13
2025-12-13,marketplace,SKU_07,164.0,168.0,1,0,17.89,8.7,184.67,20.67
2025-12-14,marketplace,SKU_07,135.0,127.0,0,0,20.59,10.82,142.62,7.62
2025-12-15,marketplace,SKU_07,151.0,163.0,0,0,21.78,15.38,165.78,14.78
2025-12-16,marketplace,SKU_07,182.0,184.0,0,0,22.82,12.62,193.93,11.93
2025-12-17,marketplace,SKU_07,186.0,188.0,0,0,20.29,14.75,183.77,2.23
2025-12-18,marketplace,SKU_07,175.0,170.0,0,0,20.81,7.95,169.85,5.15
2025-12-19,marketplace,SKU_07,147.0,144.0,0,0,23.29,8.72,147.22,0.22
2025-12-20,marketplace,SKU_07,143.0,164.0,0,0,18.28,8.57,142.2,0.8
2025-12-21,marketplace,SKU_07,135.0,135.0,0,0,24.08,7.89,142.94,7.94
2025-12-22,marketplace,SKU_07,162.0,151.0,0,0,23.06,12.17,154.97,7.03
2025-12-23,marketplace,SKU_07,182.0,182.0,0,0,22.12,12.49,177.68,4.32
2025-12-24,marketplace,SKU_07,191.0,186.0,0,0,22.3,14.86,181.55,9.45
2025-12-25,marketplace,SKU_07,196.0,175.0,0,1,18.58,12.91,189.91,6.09
2025-12-26,marketplace,SKU_07,145.0,147.0,0,0,24.49,9.6,148.13,3.13
2025-12-27,marketplace,SKU_07,129.0,143.0,0,0,24.29,12.46,134.83,5.83
2025-12-28,marketplace,SKU_07,136.0,135.0,0,0,23.12,15.8,129.39,6.61
2025-12-29,marketplace,SKU_07,160.0,162.0,0,0,24.47,11.62,159.46,0.54
2025-12-30,marketplace,SKU_07,185.0,182.0,0,0,24.49,11.84,189.24,4.24
2025-12-31,marketplace,SKU_07,192.0,191.0,0,0,26.17,12.13,186.42,5.58
2025-12-02,marketplace,SKU_08,336.0,279.0,1,0,21.94,17.47,299.11,36.89
2025-12-03,marketplace,SKU_08,289.0,275.0,0,0,25.24,7.58,283.55,5.45
2025-12-04,marketplace,SKU_08,245.0,260.0,0,0,18.89,14.26,253.92,8.92
2025-12-05,marketplace,SKU_08,216.0,209.0,0,0,17.64,9.96,211.2,4.8
2025-12-06,marketplace,SKU_08,179.0,173.0,0,0,20.14,15.71,184.78,5.78
2025-12-07,marketplace,SKU_08,189.0,243.0,0,0,23.41,13.65,200.1,11.1
2025-12-08,marketplace,SKU_08,229.0,220.0,0,0,17.39,10.99,220.3,8.7
2025-12-09,marketplace,SKU_08,278.0,336.0,0,0,22.29,10.05,269.06,8.94
2025-12-10,marketplace,SKU_08,286.0,289.0,0,0,19.54,10.19,267.45,18.55
2025-12-11,marketplace,SKU_08,254.0,245.0,0,0,22.18,11.7,248.75,5.25
2025-12-12,marketplace,SKU_08,205.0,216.0,0,0,18.75,12.92,215.85,10.85
2025-12-13,marketplace,SKU_08,177.0,179.0,0,0,20.52,14.7,190.02,13.02
2025-12-14,marketplace,SKU_08,186.0,189.0,0,0,20.04,12.69,201.63,15.63
2025-12-15,marketplace,SKU_08,236.0,229.0,0,0,19.64,12.54,223.71,12.29
2025-12-16,marketplace,SKU_08,271.0,278.0,0,0,22.49,13.26,270.96,0.04
2025-12-17,marketplace,SKU_08,277.0,286.0,0,0,19.83,10.82,282.63,5.63
2025-12-18,marketplace,SKU_08,256.0,254.0,0,0,24.01,9.11,247.18,8.82
2025-12-19,marketplace,SKU_08,216.0,205.0,0,0,22.1,10.88,215.74,0.26
2025-12-20,marketplace,SKU_08,172.0,177.0,0,0,27.54,16.55,187.86,15.86
2025-12-21,marketplace,SKU_08,192.0,186.0,0,0,18.64,14.02,192.56,0.56
2025-12-22,marketplace,SKU_08,237.0,236.0,0,0,22.42,10.39,226.64,10.36
2025-12-23,marketplace,SKU_08,267.0,271.0,0,0,24.92,15.59,258.85,8.15
2025-12-24,marketplace,SKU_08,285.0,277.0,0,0,22.49,14.66,264.47,20.53
2025-12-25,marketplace,SKU_08,293.0,256.0,0,1,21.31,14.55,267.87,25.13
2025-12-26,marketplace,SKU_08,205.0,216.0,0,0,24.7,13.8,217.15,12.15
2025-12-27,marketplace,SKU_08,224.0,172.0,1,0,21.93,13.32,227.67,3.67
2025-12-28,marketplace,SKU_08,197.0,192.0,0,0,25.22,9.19,208.5,11.5
2025-12-29,marketplace,SKU_08,226.0,237.0,0,0,21.31,11.61,231.33,5.33
2025-12-30,marketplace,SKU_08,275.0,267.0,0,0,24.82,12.08,270.23,4.77
2025-12-31,marketplace,SKU_08,287.0,285.0,0,0,22.19,12.31,271.6,15.4
2025-12-02,marketplace,SKU_09,282.0,276.0,0,0,23.34,10.98,261.82,20.18
2025-12-03,marketplace,SKU_09,284.0,288.0,0,0,17.62,14.85,279.81,4.19
2025-12-04,marketplace,SKU_09,254.0,262.0,0,0,20.45,16.11,248.84,5.16
2025-12-05,marketplace,SKU_09,212.0,212.0,0,0,21.42,12.01,215.1,3.1
2025-12-06,marketplace,SKU_09,184.0,176.0,0,0,22.14,12.89,189.08,5.08
2025-12-07,marketplace,SKU_09,192.0,185.0,0,0,21.62,11.19,201.38,9.38
2025-12-08,marketplace,SKU_09,237.0,235.0,0,0,22.49,9.3,232.04,4.96
2025-12-09,marketplace,SKU_09,278.0,282.0,0,0,22.26,9.16,263.57,14.43
2025-12-10,marketplace,SKU_09,292.0,284.0,0,0,20.59,13.5,272.23,19.77
2025-12-11,marketplace,SKU_09,256.0,254.0,0,0,19.64,9.63,252.82,3.18
2025-12-12,marketplace,SKU_09,267.0,212.0,1,0,23.84,13.84,258.71,8.29
2025-12-13,marketplace,SKU_09,176.0,184.0,0,0,19.25,11.03,202.36,26.36
2025-12-14,marketplace,SKU_09,193.0,192.0,0,0,23.76,15.73,192.43,0.57
2025-12-15,marketplace,SKU_09,236.0,237.0,0,0,24.48,16.11,229.1,6.9
2025-12-16,marketplace,SKU_09,276.0,278.0,0,0,21.78,14.84,264.44,11.56
2025-12-17,marketplace,SKU_09,293.0,292.0,0,0,25.22,12.44,283.17,9.83
2025-12-18,marketplace,SKU_09,255.0,256.0,0,0,19.65,13.02,250.47,4.53
2025-12-19,marketplace,SKU_09,211.0,267.0,0,0,22.1,6.32,229.97,18.97
2025-12-20,marketplace,SKU_09,177.0,176.0,0,0,19.58,14.75,189.59,12.59
2025-12-21,marketplace,SKU_09,244.0,193.0,1,0,20.45,13.43,246.28,2.28
2025-12-22,marketplace,SKU_09,226.0,236.0,0,0,23.38,14.38,234.36,8.36
2025-12-23,marketplace,SKU_09,283.0,276.0,0,0,24.16,11.39,261.63,21.37
2025-12-24,marketplace,SKU_09,286.0,293.0,0,0,25.87,14.82,272.7,13.3
2025-12-25,marketplace,SKU_09,299.0,255.0,0,1,21.1,9.17,272.84,26.16
2025-12-26,marketplace,SKU_09,208.0,211.0,0,0,20.3,11.08,229.64,21.64
2025-12-27,marketplace,SKU_09,184.0,177.0,0,0,19.24,10.2,188.6,4.6
2025-12-28,marketplace,SKU_09,246.0,244.0,1,0,22.59,14.76,246.86,0.86
2025-12-29,marketplace,SKU_09,292.0,226.0,1,0,20.48,11.82,282.24,9.76
2025-12-30,marketplace,SKU_09,280.0,283.0,0,0,23.32,12.12,274.95,5.05
2025-12-31,marketplace,SKU_09,283.0,286.0,0,0,22.38,10.32,278.55,4.45
2025-12-02,marketplace,SKU_10,270.0,371.0,0,0,20.52,12.34,280.31,10.31
2025-12-03,marketplace,SKU_10,270.0,274.0,0,0,20.85,9.79,288.91,18.91
2025-12-04,marketplace,SKU_10,250.0,257.0,0,0,19.89,11.14,257.04,7.04
2025-12-05,marketplace,SKU_10,239.0,323.0,0,0,17.76,7.51,252.1,13.1
2025-12-06,marketplace,SKU_10,208.0,223.0,0,0,20.79,12.92,219.92,11.92
2025-12-07,marketplace,SKU_10,302.0,219.0,1,0,23.0,14.21,267.24,34.76
2025-12-08,marketplace,SKU_10,232.0,240.0,0,0,21.17,16.9,252.04,20.04
2025-12-09,marketplace,SKU_10,259.0,270.0,0,0,21.69,11.02,284.79,25.79
2025-12-10,marketplace,SKU_10,270.0,270.0,0,0,21.5,10.55,274.99,4.99
2025-12-11,marketplace,SKU_10,254.0,250.0,0,0,19.22,9.14,259.81,5.81
2025-12-12,marketplace,SKU_10,320.0,239.0,1,0,20.02,12.02,295.34,24.66
2025-12-13,marketplace,SKU_10,215.0,208.0,0,0,19.92,11.79,234.45,19.45
2025-12-14,marketplace,SKU_10,224.0,302.0,0,0,19.05,8.76,252.24,28.24
2025-12-15,marketplace,SKU_10,236.0,232.0,0,0,17.49,12.02,246.09,10.09
2025-12-16,marketplace,SKU_10,263.0,259.0,0,0,24.23,8.02,269.63,6.63
2025-12-17,marketplace,SKU_10,274.0,270.0,0,0,19.09,11.87,288.1,14.1
2025-12-18,marketplace,SKU_10,258.0,254.0,0,0,23.35,10.94,256.39,1.61
2025-12-19,marketplace,SKU_10,226.0,320.0,0,0,19.38,14.87,249.08,23.08
2025-12-20,marketplace,SKU_10,217.0,215.0,0,0,21.19,10.43,218.62,1.62
2025-12-21,marketplace,SKU_10,218.0,224.0,0,0,22.62,9.28,240.5,22.5
2025-12-22,marketplace,SKU_10,233.0,236.0,0,0,19.98,15.5,241.2,8.2
2025-12-23,marketplace,SKU_10,260.0,263.0,0,0,22.64,10.84,281.74,21.74
2025-12-24,marketplace,SKU_10,272.0,274.0,0,0,22.01,13.71,271.07,0.93
2025-12-25,marketplace,SKU_10,411.0,258.0,1,1,21.54,10.47,322.42,88.58
2025-12-26,marketplace,SKU_10,233.0,226.0,0,0,21.75,9.61,273.33,40.33
2025-12-27,marketplace,SKU_10,226.0,217.0,0,0,19.34,11.9,213.08,12.92
2025-12-28,marketplace,SKU_10,216.0,218.0,0,0,22.85,13.72,216.27,0.27
2025-12-29,marketplace,SKU_10,243.0,233.0,0,0,23.36,11.51,239.53,3.47
2025-12-30,marketplace,SKU_10,254.0,260.0,0,0,23.24,13.6,263.2,9.2
2025-12-31,marketplace,SKU_10,261.0,272.0,0,0,21.31,15.1,267.41,6.41
2025-12-02,marketplace,SKU_11,162.0,156.0,0,0,20.23,10.9,153.08,8.92
2025-12-03,marketplace,SKU_11,162.0,166.0,0,0,19.59,13.18,158.05,3.95
2025-12-04,marketplace,SKU_11,144.0,157.0,0,0,22.92,15.0,143.47,0.53
2025-12-05,marketplace,SKU_11,126.0,118.0,0,0,21.92,16.51,115.6,10.4
2025-12-06,marketplace,SKU_11,116.0,116.0,0,0,21.72,12.66,105.59,10.41
2025-12-07,marketplace,SKU_11,137.0,109.0,1,0,18.33,10.61,153.47,16.47
2025-12-08,marketplace,SKU_11,147.0,165.0,0,0,20.18,8.92,141.79,5.21
2025-12-09,marketplace,SKU_11,167.0,162.0,0,0,21.83,13.01,154.58,12.42
2025-12-10,marketplace,SKU_11,163.0,162.0,0,0,17.46,12.26,161.15,1.85
2025-12-11,marketplace,SKU_11,149.0,144.0,0,0,18.37,16.34,142.5,6.5
2025-12-12,marketplace,SKU_11,138.0,126.0,0,0,23.8,11.51,122.65,15.35
2025-12-13,marketplace,SKU_11,116.0,116.0,0,0,24.43,9.41,114.02,1.98
2025-12-14,marketplace,SKU_11,118.0,137.0,0,0,18.47,14.05,112.69,5.31
2025-12-15,marketplace,SKU_11,134.0,147.0,0,0,22.36,12.93,138.96,4.96
2025-12-16,marketplace,SKU_11,157.0,167.0,0,0,16.26,10.15,157.06,0.06
2025-12-17,marketplace,SKU_11,173.0,163.0,0,0,21.09,12.44,160.77,12.23
2025-12-18,marketplace,SKU_11,184.0,149.0,1,0,20.43,11.55,190.87,6.87
2025-12-19,marketplace,SKU_11,123.0,138.0,0,0,18.79,15.08,127.31,4.31
2025-12-20,marketplace,SKU_11,121.0,116.0,0,0,22.65,11.05,109.88,11.12
2025-12-21,marketplace,SKU_11,113.0,118.0,0,0,18.85,15.86,114.28,1.28
2025-12-22,marketplace,SKU_11,136.0,134.0,0,0,17.56,12.02,134.42,1.58
2025-12-23,marketplace,SKU_11,158.0,157.0,0,0,20.42,13.39,154.34,3.66
2025-12-24,marketplace,SKU_11,178.0,173.0,0,0,23.48,12.11,161.36,16.64
2025-12-25,marketplace,SKU_11,171.0,184.0,0,1,22.72,11.7,174.34,3.34
2025-12-26,marketplace,SKU_11,127.0,123.0,0,0,23.16,10.02,127.48,0.48
2025-12-27,marketplace,SKU_11,116.0,121.0,0,0,21.06,10.91,111.34,4.66
2025-12-28,marketplace,SKU_11,122.0,113.0,0,0,23.34,12.07,111.3,10.7
2025-12-29,marketplace,SKU_11,138.0,136.0,0,0,21.21,12.23,142.32,4.32
2025-12-30,marketplace,SKU_11,196.0,158.0,1,0,24.51,16.16,200.8,4.8
2025-12-31,marketplace,SKU_11,170.0,178.0,0,0,23.58,12.53,170.87,0.87
2025-12-02,marketplace,SKU_12,195.0,191.0,0,0,19.52,9.7,189.95,5.05
2025-12-03,marketplace,SKU_12,205.0,209.0,0,0,22.59,7.02,198.33,6.67
2025-12-04,marketplace,SKU_12,188.0,181.0,0,0,20.63,11.19,180.36,7.64
2025-12-05,marketplace,SKU_12,148.0,164.0,0,0,17.51,11.84,156.95,8.95
2025-12-06,marketplace,SKU_12,183.0,139.0,1,0,21.84,15.4,178.09,4.91
2025-12-07,marketplace,SKU_12,141.0,151.0,0,0,21.98,9.28,156.21,15.21
2025-12-08,marketplace,SKU_12,167.0,176.0,0,0,24.11,14.23,164.53,2.47
2025-12-09,marketplace,SKU_12,280.0,195.0,1,0,17.9,10.32,233.05,46.95
2025-12-10,marketplace,SKU_12,198.0,205.0,0,0,20.21,11.82,202.05,4.05
2025-12-11,marketplace,SKU_12,201.0,188.0,0,0,17.56,5.78,180.39,20.61
2025-12-12,marketplace,SKU_12,156.0,148.0,0,0,23.16,12.84,153.61,2.39
2025-12-13,marketplace,SKU_12,129.0,183.0,0,0,21.89,13.56,143.63,14.63
2025-12-14,marketplace,SKU_12,145.0,141.0,0,0,22.76,10.06,138.59,6.41
2025-12-15,marketplace,SKU_12,172.0,167.0,0,0,21.15,13.75,163.99,8.01
2025-12-16,marketplace,SKU_12,204.0,280.0,0,0,22.72,11.89,202.25,1.75
2025-12-17,marketplace,SKU_12,206.0,198.0,0,0,19.14,9.08,199.09,6.91
2025-12-18,marketplace,SKU_12,179.0,201.0,0,0,21.65,15.64,182.49,3.49
2025-12-19,marketplace,SKU_12,155.0,156.0,0,0,22.31,15.73,153.72,1.28
2025-12-20,marketplace,SKU_12,136.0,129.0,0,0,21.45,13.92,142.57,6.57
2025-12-21,marketplace,SKU_12,150.0,145.0,0,0,20.04,15.64,140.23,9.77
2025-12-22,marketplace,SKU_12,171.0,172.0,0,0,21.47,8.38,169.56,1.44
2025-12-23,marketplace,SKU_12,198.0,204.0,0,0,21.98,12.23,204.24,6.24
2025-12-24,marketplace,SKU_12,199.0,206.0,0,0,22.79,15.02,196.82,2.18
2025-12-25,marketplace,SKU_12,213.0,179.0,0,1,20.21,12.93,202.07,10.93
2025-12-26,marketplace,SKU_12,154.0,155.0,0,0,23.23,16.05,158.12,4.12
2025-12-27,marketplace,SKU_12,143.0,136.0,0,0,24.85,12.06,135.8,7.2
2025-12-28,marketplace,SKU_12,156.0,150.0,0,0,21.12,8.4,147.37,8.63
2025-12-29,marketplace,SKU_12,165.0,171.0,0,0,26.36,10.59,174.58,9.58
2025-12-30,marketplace,SKU_12,201.0,198.0,0,0,22.51,18.7,191.97,9.03
2025-12-31,marketplace,SKU_12,209.0,199.0,0,0,20.49,12.52,201.54,7.46
2025-12-02,site,SKU_01,211.0,206.0,0,0,18.99,10.66,197.79,13.21
2025-12-03,site,SKU_01,213.0,214.0,0,0,23.69,11.85,212.04,0.96
2025-12-04,site,SKU_01,197.0,191.0,0,0,16.51,10.74,186.09,10.91
2025-12-05,site,SKU_01,164.0,161.0,0,0,19.98,9.21,160.98,3.02
2025-12-06,site,SKU_01,139.0,134.0,0,0,20.83,11.81,142.11,3.11
2025-12-07,site,SKU_01,137.0,151.0,0,0,14.53,12.33,143.64,6.64
2025-12-08,site,SKU_01,219.0,183.0,1,0,19.84,11.51,214.06,4.94
2025-12-09,site,SKU_01,208.0,211.0,0,0,21.24,11.9,200.99,7.01
2025-12-10,site,SKU_01,209.0,213.0,0,0,26.22,11.94,210.07,1.07
2025-12-11,site,SKU_01,183.0,197.0,0,0,19.63,14.16,186.45,3.45
2025-12-12,site,SKU_01,155.0,164.0,0,0,20.78,14.69,156.04,1.04
2025-12-13,site,SKU_01,128.0,139.0,0,0,17.49,12.7,139.15,11.15
2025-12-14,site,SKU_01,146.0,137.0,0,0,23.0,13.42,137.9,8.1
2025-12-15,site,SKU_01,168.0,219.0,0,0,22.25,12.91,178.45,10.45
2025-12-16,site,SKU_01,212.0,208.0,0,0,18.48,10.18,198.38,13.62
2025-12-17,site,SKU_01,211.0,209.0,0,0,21.89,14.28,203.07,7.93
2025-12-18,site,SKU_01,240.0,183.0,1,0,21.85,9.98,229.2,10.8
2025-12-19,site,SKU_01,153.0,155.0,0,0,15.4,17.17,160.96,7.96
2025-12-20,site,SKU_01,164.0,128.0,1,0,25.12,11.12,178.99,14.99
2025-12-21,site,SKU_01,150.0,146.0,0,0,24.75,11.68,145.81,4.19
2025-12-22,site,SKU_01,189.0,168.0,0,0,22.94,11.8,175.47,13.53
2025-12-23,site,SKU_01,215.0,212.0,0,0,22.58,12.2,199.14,15.86
2025-12-24,site,SKU_01,213.0,211.0,0,0,21.05,11.34,203.98,9.02
2025-12-25,site,SKU_01,225.0,240.0,0,1,21.32,11.84,213.33,11.67
2025-12-26,site,SKU_01,165.0,153.0,0,0,20.73,10.37,163.04,1.96
2025-12-27,site,SKU_01,133.0,164.0,0,0,22.54,11.01,143.29,10.29
2025-12-28,site,SKU_01,138.0,150.0,0,0,23.31,16.99,142.74,4.74
2025-12-29,site,SKU_01,181.0,189.0,0,0,23.47,10.96,176.55,4.45
2025-12-30,site,SKU_01,206.0,215.0,0,0,24.86,11.31,204.91,1.09
2025-12-31,site,SKU_01,228.0,213.0,0,0,22.7,10.76,208.17,19.83
2025-12-02,site,SKU_02,165.0,174.0,0,0,19.96,11.04,169.35,4.35
2025-12-03,site,SKU_02,173.0,206.0,0,0,20.77,12.22,173.1,0.1
2025-12-04,site,SKU_02,164.0,158.0,0,0,19.1,13.09,154.67,9.33
2025-12-05,site,SKU_02,136.0,137.0,0,0,21.89,14.16,135.11,0.89
2025-12-06,site,SKU_02,132.0,128.0,0,0,20.25,12.28,121.21,10.79
2025-12-07,site,SKU_02,133.0,126.0,0,0,21.21,9.52,126.31,6.69
2025-12-08,site,SKU_02,159.0,147.0,0,0,18.3,9.7,146.89,12.11
2025-12-09,site,SKU_02,170.0,165.0,0,0,22.2,14.47,166.52,3.48
2025-12-10,site,SKU_02,204.0,173.0,1,0,21.09,12.79,219.89,15.89
2025-12-11,site,SKU_02,157.0,164.0,0,0,21.93,14.85,158.23,1.23
2025-12-12,site,SKU_02,146.0,136.0,0,0,21.58,10.24,136.51,9.49
2025-12-13,site,SKU_02,132.0,132.0,0,0,20.03,11.75,126.98,5.02
2025-12-14,site,SKU_02,130.0,133.0,0,0,22.49,11.21,126.62,3.38
2025-12-15,site,SKU_02,181.0,159.0,1,0,22.09,12.18,191.9,10.9
2025-12-16,site,SKU_02,165.0,170.0,0,0,22.55,11.7,169.87,4.87
2025-12-17,site,SKU_02,177.0,204.0,0,0,25.9,11.2,176.98,0.02
2025-12-18,site,SKU_02,157.0,157.0,0,0,20.68,11.86,158.58,1.58
2025-12-19,site,SKU_02,146.0,146.0,0,0,22.33,8.24,139.98,6.02
2025-12-20,site,SKU_02,135.0,132.0,0,0,22.8,8.07,127.12,7.88
2025-12-21,site,SKU_02,132.0,130.0,0,0,29.24,14.54,127.22,4.78
2025-12-22,site,SKU_02,144.0,181.0,0,0,20.37,14.11,153.21,9.21
2025-12-23,site,SKU_02,202.0,165.0,1,0,19.72,14.09,209.91,7.91
2025-12-24,site,SKU_02,208.0,177.0,1,0,22.1,9.48,229.81,21.81
2025-12-25,site,SKU_02,187.0,157.0,0,1,19.72,10.86,179.71,7.29
2025-12-26,site,SKU_02,150.0,146.0,0,0,23.56,9.13,142.06,7.94
2025-12-27,site,SKU_02,156.0,135.0,1,0,20.72,12.92,167.45,11.45
2025-12-28,site,SKU_02,125.0,132.0,0,0,23.14,11.04,128.82,3.82
2025-12-29,site,SKU_02,156.0,144.0,0,0,22.88,11.79,153.52,2.48
2025-12-30,site,SKU_02,171.0,202.0,0,0,24.77,9.7,177.23,6.23
2025-12-31,site,SKU_02,176.0,208.0,0,0,20.89,7.89,185.0,9.0
2025-12-02,site,SKU_03,208.0,210.0,0,0,20.87,12.15,196.16,11.84
2025-12-03,site,SKU_03,220.0,218.0,0,0,22.45,12.79,207.63,12.37
2025-12-04,site,SKU_03,204.0,189.0,0,0,18.62,6.71,189.93,14.07
2025-12-05,site,SKU_03,152.0,166.0,0,0,20.09,11.1,161.79,9.79
2025-12-06,site,SKU_03,136.0,179.0,0,0,22.62,10.99,145.41,9.41
2025-12-07,site,SKU_03,191.0,144.0,1,0,22.42,13.42,183.64,7.36
2025-12-08,site,SKU_03,177.0,178.0,0,0,20.01,10.18,177.88,0.88
2025-12-09,site,SKU_03,213.0,208.0,0,0,18.01,13.27,198.76,14.24
2025-12-10,site,SKU_03,215.0,220.0,0,0,21.01,12.81,207.88,7.12
2025-12-11,site,SKU_03,194.0,204.0,0,0,21.64,8.83,192.78,1.22
2025-12-12,site,SKU_03,151.0,152.0,0,0,20.75,15.22,158.84,7.84
2025-12-13,site,SKU_03,139.0,136.0,0,0,22.37,15.72,151.48,12.48
2025-12-14,site,SKU_03,146.0,191.0,0,0,18.5,12.69,152.98,6.98
2025-12-15,site,SKU_03,171.0,177.0,0,0,22.95,9.92,173.5,2.5
2025-12-16,site,SKU_03,207.0,213.0,0,0,19.47,11.78,199.19,7.81
2025-12-17,site,SKU_03,221.0,215.0,0,0,20.4,12.55,208.31,12.69
2025-12-18,site,SKU_03,195.0,194.0,0,0,22.74,11.09,192.12,2.88
2025-12-19,site,SKU_03,159.0,151.0,0,0,25.01,14.32,156.87,2.13
2025-12-20,site,SKU_03,172.0,139.0,1,0,22.03,13.21,181.9,9.9
2025-12-21,site,SKU_03,157.0,146.0,0,0,22.56,7.25,157.7,0.7
2025-12-22,site,SKU_03,190.0,171.0,0,0,19.34,8.41,174.82,15.18
2025-12-23,site,SKU_03,218.0,207.0,0,0,22.6,7.75,204.87,13.13
2025-12-24,site,SKU_03,220.0,221.0,0,0,20.01,12.25,209.39,10.61
2025-12-25,site,SKU_03,230.0,195.0,0,1,25.52,13.26,209.4,20.6
2025-12-26,site,SKU_03,166.0,159.0,0,0,22.1,11.55,165.35,0.65
2025-12-27,site,SKU_03,177.0,172.0,1,0,21.32,15.78,195.15,18.15
2025-12-28,site,SKU_03,147.0,157.0,0,0,22.2,11.0,152.56,5.56
2025-12-29,site,SKU_03,233.0,190.0,1,0,22.18,10.53,223.34,9.66
2025-12-30,site,SKU_03,220.0,218.0,0,0,20.83,11.06,211.95,8.05
2025-12-31,site,SKU_03,220.0,220.0,0,0,23.01,12.13,214.79,5.21
2025-12-02,site,SKU_04,92.0,99.0,0,0,18.19,11.92,96.22,4.22
2025-12-03,site,SKU_04,123.0,106.0,1,0,18.72,12.07,145.28,22.28
2025-12-04,site,SKU_04,93.0,85.0,0,0,20.11,10.73,88.21,4.79
2025-12-05,site,SKU_04,75.0,78.0,0,0,19.27,12.45,67.07,7.93
2025-12-06,site,SKU_04,74.0,59.0,1,0,20.9,16.66,92.98,18.98
2025-12-07,site,SKU_04,70.0,73.0,0,0,19.0,9.21,62.64,7.36
2025-12-08,site,SKU_04,80.0,86.0,0,0,21.6,12.18,79.12,0.88
2025-12-09,site,SKU_04,105.0,92.0,0,0,18.74,10.34,96.72,8.28
2025-12-10,site,SKU_04,105.0,123.0,0,0,23.8,7.34,108.64,3.64
2025-12-11,site,SKU_04,94.0,93.0,0,0,20.99,10.34,89.94,4.06
2025-12-12,site,SKU_04,76.0,75.0,0,0,22.59,10.05,71.56,4.44
2025-12-13,site,SKU_04,60.0,74.0,0,0,19.11,14.03,56.72,3.28
2025-12-14,site,SKU_04,68.0,70.0,0,0,19.84,11.01,61.96,6.04
2025-12-15,site,SKU_04,91.0,80.0,0,0,22.22,13.43,78.67,12.33
2025-12-16,site,SKU_04,97.0,105.0,0,0,23.68,11.11,98.35,1.35
2025-12-17,site,SKU_04,94.0,105.0,0,0,21.96,9.68,107.62,13.62
2025-12-18,site,SKU_04,111.0,94.0,1,0,20.7,14.19,131.61,20.61
2025-12-19,site,SKU_04,78.0,76.0,0,0,22.04,9.66,73.28,4.72
2025-12-20,site,SKU_04,65.0,60.0,0,0,22.21,14.04,55.29,9.71
2025-12-21,site,SKU_04,68.0,68.0,0,0,20.49,11.15,62.1,5.9
2025-12-22,site,SKU_04,106.0,91.0,1,0,22.22,10.03,125.84,19.84
2025-12-23,site,SKU_04,105.0,97.0,0,0,22.04,10.8,101.29,3.71
2025-12-24,site,SKU_04,97.0,94.0,0,0,23.33,13.13,100.76,3.76
2025-12-25,site,SKU_04,108.0,111.0,0,1,22.74,14.31,109.46,1.46
2025-12-26,site,SKU_04,77.0,78.0,0,0,23.35,13.8,71.98,5.02
2025-12-27,site,SKU_04,64.0,65.0,0,0,19.85,12.06,55.02,8.98
2025-12-28,site,SKU_04,75.0,68.0,1,0,24.58,11.65,105.31,30.31
2025-12-29,site,SKU_04,76.0,106.0,0,0,22.24,13.13,89.6,13.6
2025-12-30,site,SKU_04,121.0,105.0,1,0,24.97,9.85,145.97,24.97
2025-12-31,site,SKU_04,111.0,97.0,0,0,23.72,12.21,108.59,2.41
2025-12-02,site,SKU_05,55.0,56.0,0,0,19.7,11.68,62.46,7.46
2025-12-03,site,SKU_05,64.0,54.0,0,0,16.83,14.37,60.75,3.25
2025-12-04,site,SKU_05,53.0,67.0,0,0,21.38,13.62,55.2,2.2
2025-12-05,site,SKU_05,47.0,54.0,0,0,16.35,9.21,43.27,3.73
2025-12-06,site,SKU_05,45.0,45.0,0,0,18.0,11.55,32.03,12.97
2025-12-07,site,SKU_05,52.0,42.0,0,0,18.12,14.28,33.14,18.86
2025-12-08,site,SKU_05,47.0,50.0,0,0,19.8,11.75,50.94,3.94
2025-12-09,site,SKU_05,71.0,55.0,0,0,18.5,10.85,60.73,10.27
2025-12-10,site,SKU_05,63.0,64.0,0,0,18.9,8.73,68.23,5.23
2025-12-11,site,SKU_05,66.0,53.0,0,0,21.5,10.08,58.84,7.16
2025-12-12,site,SKU_05,46.0,47.0,0,0,20.79,12.38,43.46,2.54
2025-12-13,site,SKU_05,37.0,45.0,0,0,19.46,10.67,32.36,4.64
2025-12-14,site,SKU_05,48.0,52.0,0,0,21.2,12.22,32.91,15.09
2025-12-15,site,SKU_05,56.0,47.0,0,0,21.53,8.87,51.79,4.21
2025-12-16,site,SKU_05,54.0,71.0,0,0,18.31,15.01,62.4,8.4
2025-12-17,site,SKU_05,63.0,63.0,0,0,21.66,13.0,64.07,1.07
2025-12-18,site,SKU_05,57.0,66.0,0,0,20.48,12.08,56.1,0.9
2025-12-19,site,SKU_05,42.0,46.0,0,0,21.66,10.76,41.15,0.85
2025-12-20,site,SKU_05,48.0,37.0,0,0,23.15,12.54,28.42,19.58
2025-12-21,site,SKU_05,44.0,48.0,0,0,21.68,9.85,39.47,4.53
2025-12-22,site,SKU_05,55.0,56.0,0,0,20.21,10.17,51.09,3.91
2025-12-23,site,SKU_05,56.0,54.0,0,0,25.67,12.44,63.01,7.01
2025-12-24,site,SKU_05,61.0,63.0,0,0,21.83,11.77,63.98,2.98
2025-12-25,site,SKU_05,63.0,57.0,0,1,22.88,12.66,77.6,14.6
2025-12-26,site,SKU_05,51.0,42.0,0,0,21.16,14.36,39.18,11.82
2025-12-27,site,SKU_05,46.0,48.0,0,0,22.21,14.32,29.02,16.98
2025-12-28,site,SKU_05,40.0,44.0,0,0,20.35,12.85,33.77,6.23
2025-12-29,site,SKU_05,53.0,55.0,0,0,23.34,12.49,53.16,0.16
2025-12-30,site,SKU_05,63.0,56.0,0,0,23.14,14.59,62.98,0.02
2025-12-31,site,SKU_05,58.0,61.0,0,0,22.9,14.85,67.8,9.8
2025-12-02,site,SKU_06,225.0,232.0,0,0,18.87,11.38,212.55,12.45
2025-12-03,site,SKU_06,242.0,236.0,0,0,15.18,12.31,221.2,20.8
2025-12-04,site,SKU_06,215.0,212.0,0,0,17.85,12.32,202.58,12.42
2025-12-05,site,SKU_06,168.0,168.0,0,0,18.77,10.66,171.61,3.61
2025-12-06,site,SKU_06,142.0,152.0,0,0,20.06,11.83,147.74,5.74
2025-12-07,site,SKU_06,155.0,154.0,0,0,20.45,14.58,152.97,2.03
2025-12-08,site,SKU_06,188.0,194.0,0,0,19.26,10.55,184.98,3.02
2025-12-09,site,SKU_06,224.0,225.0,0,0,19.53,13.87,213.31,10.69
2025-12-10,site,SKU_06,368.0,242.0,1,0,20.87,11.62,266.84,101.16
2025-12-11,site,SKU_06,215.0,215.0,0,0,18.79,9.66,215.12,0.12
2025-12-12,site,SKU_06,164.0,168.0,0,0,21.8,14.37,166.77,2.77
2025-12-13,site,SKU_06,145.0,142.0,0,0,20.63,14.0,159.46,14.46
2025-12-14,site,SKU_06,150.0,155.0,0,0,18.0,10.38,150.89,0.89
2025-12-15,site,SKU_06,191.0,188.0,0,0,22.5,11.51,179.35,11.65
2025-12-16,site,SKU_06,234.0,224.0,0,0,20.67,11.51,209.61,24.39
2025-12-17,site,SKU_06,244.0,368.0,0,0,18.84,8.54,245.68,1.68
2025-12-18,site,SKU_06,209.0,215.0,0,0,23.2,15.65,204.71,4.29
2025-12-19,site,SKU_06,163.0,164.0,0,0,23.22,12.8,172.3,9.3
2025-12-20,site,SKU_06,145.0,145.0,0,0,21.91,8.6,151.95,6.95
2025-12-21,site,SKU_06,233.0,150.0,1,0,22.17,14.72,199.54,33.46
2025-12-22,site,SKU_06,190.0,191.0,0,0,18.17,12.93,193.41,3.41
2025-12-23,site,SKU_06,233.0,234.0,0,0,24.11,9.32,218.96,14.04
2025-12-24,site,SKU_06,244.0,244.0,0,0,21.12,13.17,245.68,1.68
2025-12-25,site,SKU_06,247.0,209.0,0,1,23.15,11.71,227.42,19.58
2025-12-26,site,SKU_06,173.0,163.0,0,0,22.03,12.08,175.54,2.54
2025-12-27,site,SKU_06,142.0,145.0,0,0,23.04,10.24,153.54,11.54
2025-12-28,site,SKU_06,160.0,233.0,0,0,23.4,10.92,169.77,9.77
2025-12-29,site,SKU_06,195.0,190.0,0,0,22.73,15.42,189.72,5.28
2025-12-30,site,SKU_06,231.0,233.0,0,0,21.54,12.89,222.04,8.96
2025-12-31,site,SKU_06,252.0,244.0,0,0,22.88,13.93,231.6,20.4
2025-12-02,site,SKU_07,176.0,177.0,0,0,20.99,6.55,173.01,2.99
2025-12-03,site,SKU_07,171.0,180.0,0,0,23.19,11.25,178.06,7.06
2025-12-04,site,SKU_07,156.0,167.0,0,0,19.73,13.79,159.3,3.3
2025-12-05,site,SKU_07,181.0,147.0,1,0,21.68,12.65,183.82,2.82
2025-12-06,site,SKU_07,167.0,143.0,1,0,19.07,10.79,179.46,12.46
2025-12-07,site,SKU_07,175.0,147.0,1,0,21.8,7.56,185.03,10.03
2025-12-08,site,SKU_07,181.0,155.0,1,0,19.57,11.57,202.18,21.18
2025-12-09,site,SKU_07,201.0,176.0,1,0,18.8,7.4,222.45,21.45
2025-12-10,site,SKU_07,180.0,171.0,0,0,22.7,8.78,180.16,0.16
2025-12-11,site,SKU_07,165.0,156.0,0,0,22.14,10.99,164.33,0.67
2025-12-12,site,SKU_07,158.0,181.0,0,0,24.53,12.58,151.61,6.39
2025-12-13,site,SKU_07,140.0,167.0,0,0,21.34,14.23,140.06,0.06
2025-12-14,site,SKU_07,148.0,175.0,0,0,19.22,9.25,143.43,4.57
2025-12-15,site,SKU_07,157.0,181.0,0,0,22.57,14.7,159.88,2.88
2025-12-16,site,SKU_07,164.0,201.0,0,0,22.16,11.56,179.04,15.04
2025-12-17,site,SKU_07,179.0,180.0,0,0,21.03,11.59,182.05,3.05
2025-12-18,site,SKU_07,166.0,165.0,0,0,21.68,16.38,160.56,5.44
2025-12-19,site,SKU_07,157.0,158.0,0,0,21.36,9.36,154.77,2.23
2025-12-20,site,SKU_07,139.0,140.0,0,0,21.18,10.86,140.42,1.42
2025-12-21,site,SKU_07,143.0,148.0,0,0,23.92,16.05,143.23,0.23
2025-12-22,site,SKU_07,155.0,157.0,0,0,23.64,12.16,160.0,5.0
2025-12-23,site,SKU_07,168.0,164.0,0,0,22.75,12.81,177.25,9.25
2025-12-24,site,SKU_07,206.0,179.0,1,0,20.8,13.89,221.79,15.79
2025-12-25,site,SKU_07,189.0,166.0,0,1,21.36,13.71,187.12,1.88
2025-12-26,site,SKU_07,151.0,157.0,0,0,24.36,14.69,149.28,1.72
2025-12-27,site,SKU_07,145.0,139.0,0,0,21.82,9.22,134.75,10.25
2025-12-28,site,SKU_07,154.0,143.0,0,0,25.23,9.03,140.7,13.3
2025-12-29,site,SKU_07,167.0,155.0,0,0,26.02,4.4,164.71,2.29
2025-12-30,site,SKU_07,174.0,168.0,0,0,18.7,10.31,178.28,4.28
2025-12-31,site,SKU_07,172.0,206.0,0,0,21.94,12.15,186.38,14.38
2025-12-02,site,SKU_08,65.0,76.0,0,0,19.53,12.8,72.65,7.65
2025-12-03,site,SKU_08,67.0,66.0,0,0,21.8,8.02,72.41,5.41
2025-12-04,site,SKU_08,63.0,66.0,0,0,20.49,12.22,60.01,2.99
2025-12-05,site,SKU_08,63.0,61.0,0,0,20.06,11.04,49.61,13.39
2025-12-06,site,SKU_08,60.0,52.0,0,0,17.89,12.19,43.72,16.28
2025-12-07,site,SKU_08,48.0,52.0,0,0,20.32,8.7,45.46,2.54
2025-12-08,site,SKU_08,65.0,93.0,0,0,19.13,12.88,61.62,3.38
2025-12-09,site,SKU_08,77.0,65.0,0,0,20.2,12.82,73.77,3.23
2025-12-10,site,SKU_08,73.0,67.0,0,0,19.41,14.92,72.46,0.54
2025-12-11,site,SKU_08,61.0,63.0,0,0,19.49,10.14,64.62,3.62
2025-12-12,site,SKU_08,55.0,63.0,0,0,21.49,14.37,51.03,3.97
2025-12-13,site,SKU_08,76.0,60.0,1,0,18.88,13.7,84.18,8.18
2025-12-14,site,SKU_08,61.0,48.0,0,0,19.69,8.18,47.7,13.3
2025-12-15,site,SKU_08,58.0,65.0,0,0,17.51,13.21,66.9,8.9
2025-12-16,site,SKU_08,77.0,77.0,0,0,18.94,7.39,76.11,0.89
2025-12-17,site,SKU_08,72.0,73.0,0,0,19.63,13.78,74.97,2.97
2025-12-18,site,SKU_08,59.0,61.0,0,0,25.01,13.95,64.04,5.04
2025-12-19,site,SKU_08,41.0,55.0,0,0,22.88,15.19,50.43,9.43
2025-12-20,site,SKU_08,50.0,76.0,0,0,19.37,10.29,50.07,0.07
2025-12-21,site,SKU_08,80.0,61.0,1,0,21.78,10.58,90.56,10.56
2025-12-22,site,SKU_08,55.0,58.0,0,0,20.75,13.73,60.99,5.99
2025-12-23,site,SKU_08,106.0,77.0,1,0,22.4,8.79,120.84,14.84
2025-12-24,site,SKU_08,67.0,72.0,0,0,25.74,11.23,77.96,10.96
2025-12-25,site,SKU_08,77.0,59.0,0,1,21.83,15.63,79.66,2.66
2025-12-26,site,SKU_08,48.0,41.0,0,0,21.74,10.39,48.96,0.96
2025-12-27,site,SKU_08,49.0,50.0,0,0,24.76,12.48,40.7,8.3
2025-12-28,site,SKU_08,58.0,80.0,0,0,23.17,13.93,46.74,11.26
2025-12-29,site,SKU_08,59.0,55.0,0,0,23.22,11.79,66.03,7.03
2025-12-30,site,SKU_08,67.0,106.0,0,0,20.6,11.88,82.09,15.09
2025-12-31,site,SKU_08,69.0,67.0,0,0,25.11,13.1,77.0,8.0
2025-12-02,site,SKU_09,186.0,183.0,0,0,19.13,11.1,179.97,6.03
2025-12-03,site,SKU_09,248.0,245.0,1,0,22.21,13.79,237.86,10.14
2025-12-04,site,SKU_09,171.0,237.0,0,0,18.86,7.28,190.24,19.24
2025-12-05,site,SKU_09,157.0,147.0,0,0,19.41,9.48,157.21,0.21
2025-12-06,site,SKU_09,133.0,139.0,0,0,19.02,15.64,138.73,5.73
2025-12-07,site,SKU_09,144.0,147.0,0,0,16.39,10.74,137.26,6.74
2025-12-08,site,SKU_09,166.0,167.0,0,0,19.97,10.18,162.12,3.88
2025-12-09,site,SKU_09,185.0,186.0,0,0,20.9,14.07,180.09,4.91
2025-12-10,site,SKU_09,192.0,248.0,0,0,17.64,9.44,207.6,15.6
2025-12-11,site,SKU_09,175.0,171.0,0,0,23.31,16.16,182.44,7.44
2025-12-12,site,SKU_09,203.0,157.0,1,0,18.0,10.74,197.44,5.56
2025-12-13,site,SKU_09,190.0,133.0,1,0,21.88,10.71,188.84,1.16
2025-12-14,site,SKU_09,138.0,144.0,0,0,23.12,12.37,148.65,10.65
2025-12-15,site,SKU_09,171.0,166.0,0,0,19.56,14.12,165.35,5.65
2025-12-16,site,SKU_09,191.0,185.0,0,0,22.89,12.54,187.02,3.98
2025-12-17,site,SKU_09,193.0,192.0,0,0,20.53,9.57,203.14,10.14
2025-12-18,site,SKU_09,182.0,175.0,0,0,20.05,9.37,179.05,2.95
2025-12-19,site,SKU_09,144.0,203.0,0,0,24.88,12.04,172.62,28.62
2025-12-20,site,SKU_09,138.0,190.0,0,0,23.2,9.67,152.96,14.96
2025-12-21,site,SKU_09,140.0,138.0,0,0,21.34,8.64,143.28,3.28
2025-12-22,site,SKU_09,160.0,171.0,0,0,20.82,14.53,164.2,4.2
2025-12-23,site,SKU_09,190.0,191.0,0,0,23.18,12.66,185.48,4.52
2025-12-24,site,SKU_09,198.0,193.0,0,0,18.55,13.72,198.91,0.91
2025-12-25,site,SKU_09,201.0,182.0,0,1,21.89,14.38,204.89,3.89
2025-12-26,site,SKU_09,154.0,144.0,0,0,20.47,8.95,161.84,7.84
2025-12-27,site,SKU_09,133.0,138.0,0,0,20.18,13.78,142.98,9.98
2025-12-28,site,SKU_09,141.0,140.0,0,0,19.62,14.63,137.73,3.27
2025-12-29,site,SKU_09,225.0,160.0,1,0,23.28,13.77,209.65,15.35
2025-12-30,site,SKU_09,183.0,190.0,0,0,22.37,13.88,194.12,11.12
2025-12-31,site,SKU_09,195.0,198.0,0,0,20.2,15.69,199.87,4.87
2025-12-02,site,SKU_10,225.0,224.0,0,0,15.99,13.41,233.42,8.42
2025-12-03,site,SKU_10,230.0,235.0,0,0,18.95,13.77,236.68,6.68
2025-12-04,site,SKU_10,229.0,223.0,0,0,17.95,9.51,224.91,4.09
2025-12-05,site,SKU_10,206.0,204.0,0,0,18.53,8.77,208.81,2.81
2025-12-06,site,SKU_10,198.0,203.0,0,0,22.84,11.53,194.07,3.93
2025-12-07,site,SKU_10,195.0,194.0,0,0,21.19,13.05,194.65,0.35
2025-12-08,site,SKU_10,207.0,224.0,0,0,20.0,11.66,218.13,11.13
2025-12-09,site,SKU_10,232.0,225.0,0,0,18.2,7.27,234.7,2.7
2025-12-10,site,SKU_10,235.0,230.0,0,0,20.66,13.16,237.33,2.33
2025-12-11,site,SKU_10,218.0,229.0,0,0,22.31,10.92,228.1,10.1
2025-12-12,site,SKU_10,220.0,206.0,0,0,21.62,12.11,220.97,0.97
2025-12-13,site,SKU_10,290.0,198.0,1,0,21.23,11.5,257.43,32.57
2025-12-14,site,SKU_10,294.0,195.0,1,0,22.31,11.36,245.92,48.08
2025-12-15,site,SKU_10,221.0,207.0,0,0,21.08,10.39,240.12,19.12
2025-12-16,site,SKU_10,228.0,232.0,0,0,20.61,14.72,229.86,1.86
2025-12-17,site,SKU_10,225.0,235.0,0,0,24.93,8.85,236.64,11.64
2025-12-18,site,SKU_10,225.0,218.0,0,0,20.61,13.36,218.94,6.06
2025-12-19,site,SKU_10,209.0,220.0,0,0,19.96,11.45,206.52,2.48
2025-12-20,site,SKU_10,199.0,290.0,0,0,21.97,11.12,205.95,6.95
2025-12-21,site,SKU_10,203.0,294.0,0,0,20.56,12.08,209.82,6.82
2025-12-22,site,SKU_10,214.0,221.0,0,0,19.89,11.87,217.38,3.38
2025-12-23,site,SKU_10,228.0,228.0,0,0,23.87,15.87,231.07,3.07
2025-12-24,site,SKU_10,239.0,225.0,0,0,24.31,8.0,238.95,0.05
2025-12-25,site,SKU_10,255.0,225.0,0,1,23.87,11.43,245.63,9.37
2025-12-26,site,SKU_10,212.0,209.0,0,0,24.08,9.51,212.78,0.78
2025-12-27,site,SKU_10,194.0,199.0,0,0,18.25,12.12,208.36,14.36
2025-12-28,site,SKU_10,204.0,203.0,0,0,21.08,12.19,210.1,6.1
2025-12-29,site,SKU_10,219.0,214.0,0,0,22.35,9.09,224.0,5.0
2025-12-30,site,SKU_10,232.0,228.0,0,0,23.07,15.9,234.22,2.22
2025-12-31,site,SKU_10,238.0,239.0,0,0,24.87,13.21,239.72,1.72
2025-12-02,site,SKU_11,138.0,135.0,0,0,21.51,7.67,145.82,7.82
2025-12-03,site,SKU_11,123.0,138.0,0,0,20.07,9.37,142.47,19.47
2025-12-04,site,SKU_11,134.0,129.0,0,0,18.66,7.02,138.19,4.19
2025-12-05,site,SKU_11,119.0,125.0,0,0,17.84,14.33,121.52,2.52
2025-12-06,site,SKU_11,108.0,118.0,0,0,21.15,7.88,104.03,3.97
2025-12-07,site,SKU_11,116.0,121.0,0,0,17.06,8.7,106.19,9.81
2025-12-08,site,SKU_11,123.0,189.0,0,0,20.14,8.97,133.43,10.43
2025-12-09,site,SKU_11,131.0,138.0,0,0,20.62,11.05,140.77,9.77
2025-12-10,site,SKU_11,132.0,123.0,0,0,21.48,13.45,138.36,6.36
2025-12-11,site,SKU_11,123.0,134.0,0,0,19.81,14.22,129.93,6.93
2025-12-12,site,SKU_11,115.0,119.0,0,0,21.61,14.47,113.79,1.21
2025-12-13,site,SKU_11,117.0,108.0,0,0,22.37,12.11,105.16,11.84
2025-12-14,site,SKU_11,113.0,116.0,0,0,20.95,11.92,109.72,3.28
2025-12-15,site,SKU_11,114.0,123.0,0,0,18.99,12.48,132.94,18.94
2025-12-16,site,SKU_11,131.0,131.0,0,0,22.5,11.87,137.82,6.82
2025-12-17,site,SKU_11,137.0,132.0,0,0,22.93,13.32,137.94,0.94
2025-12-18,site,SKU_11,132.0,123.0,0,0,23.89,13.38,128.27,3.73
2025-12-19,site,SKU_11,121.0,115.0,0,0,19.29,12.35,122.29,1.29
2025-12-20,site,SKU_11,115.0,117.0,0,0,20.45,9.59,104.58,10.42
2025-12-21,site,SKU_11,119.0,113.0,0,0,23.25,10.74,107.23,11.77
2025-12-22,site,SKU_11,124.0,114.0,0,0,24.5,10.65,120.8,3.2
2025-12-23,site,SKU_11,126.0,131.0,0,0,25.49,10.78,136.64,10.64
2025-12-24,site,SKU_11,134.0,137.0,0,0,24.96,10.78,138.83,4.83
2025-12-25,site,SKU_11,148.0,132.0,0,1,22.11,10.25,148.63,0.63
2025-12-26,site,SKU_11,121.0,121.0,0,0,22.12,11.17,115.59,5.41
2025-12-27,site,SKU_11,118.0,115.0,0,0,18.97,11.24,103.61,14.39
2025-12-28,site,SKU_11,112.0,119.0,0,0,24.83,13.29,106.57,5.43
2025-12-29,site,SKU_11,129.0,124.0,0,0,22.27,11.87,133.02,4.02
2025-12-30,site,SKU_11,137.0,126.0,0,0,23.72,12.87,137.66,0.66
2025-12-31,site,SKU_11,138.0,134.0,0,0,23.66,10.28,140.33,2.33
2025-12-02,site,SKU_12,145.0,151.0,0,0,21.04,11.03,153.19,8.19
2025-12-03,site,SKU_12,156.0,148.0,0,0,19.96,10.97,151.79,4.21
2025-12-04,site,SKU_12,143.0,146.0,0,0,17.64,10.45,145.03,2.03
2025-12-05,site,SKU_12,133.0,135.0,0,0,18.99,13.63,126.71,6.29
2025-12-06,site,SKU_12,120.0,121.0,0,0,20.32,13.4,112.64,7.36
2025-12-07,site,SKU_12,123.0,129.0,0,0,18.99,15.13,115.96,7.04
2025-12-08,site,SKU_12,142.0,138.0,0,0,19.44,10.93,137.25,4.75
2025-12-09,site,SKU_12,184.0,145.0,1,0,20.57,10.27,195.26,11.26
2025-12-10,site,SKU_12,152.0,156.0,0,0,22.89,12.3,154.62,2.62
2025-12-11,site,SKU_12,143.0,143.0,0,0,20.87,12.45,140.54,2.46
2025-12-12,site,SKU_12,163.0,133.0,1,0,21.85,12.63,168.3,5.3
2025-12-13,site,SKU_12,129.0,120.0,0,0,20.7,11.73,117.47,11.53
2025-12-14,site,SKU_12,156.0,123.0,1,0,22.13,10.06,161.16,5.16
2025-12-15,site,SKU_12,166.0,142.0,1,0,21.77,15.78,181.7,15.7
2025-12-16,site,SKU_12,146.0,184.0,0,0,20.17,11.37,161.05,15.05
2025-12-17,site,SKU_12,154.0,152.0,0,0,17.78,10.29,155.21,1.21
2025-12-18,site,SKU_12,147.0,143.0,0,0,20.45,14.12,143.16,3.84
2025-12-19,site,SKU_12,127.0,163.0,0,0,23.31,14.92,133.33,6.33
2025-12-20,site,SKU_12,125.0,129.0,0,0,23.2,12.59,115.17,9.83
2025-12-21,site,SKU_12,131.0,156.0,0,0,23.83,12.13,123.81,7.19
2025-12-22,site,SKU_12,141.0,166.0,0,0,21.32,13.14,141.61,0.61
2025-12-23,site,SKU_12,142.0,146.0,0,0,19.72,13.16,156.95,14.95
2025-12-24,site,SKU_12,156.0,154.0,0,0,22.22,12.11,154.11,1.89
2025-12-25,site,SKU_12,167.0,147.0,0,1,23.93,17.53,161.86,5.14
2025-12-26,site,SKU_12,133.0,127.0,0,0,20.88,10.77,134.49,1.49
2025-12-27,site,SKU_12,130.0,125.0,0,0,22.89,14.28,114.19,15.81
2025-12-28,site,SKU_12,149.0,131.0,1,0,25.04,12.08,169.2,20.2
2025-12-29,site,SKU_12,139.0,141.0,0,0,21.75,10.22,149.06,10.06
2025-12-30,site,SKU_12,152.0,142.0,0,0,23.8,12.64,153.84,1.84
2025-12-31,site,SKU_12,157.0,156.0,0,0,21.91,13.67,160.29,3.29
